一直|ㄧ ㄓˊ|straight (in a straight line); continuously; always; from the beginning of ... up to ...; all along.
一樣|ㄧ ㄧㄤˋ|same; like; equal to; the same as; just like.
一下|ㄧ ㄒㄧㄚˋ|(used after a verb) give it a go; to do (sth for a bit to give it a try); one time; once; in a while; all of a sudden; all at once.
一起|ㄧ ㄑㄧˇ|in the same place; together; with; altogether (in total).
一會|ㄧ ㄏㄨㄟˋ|a moment; a while; in a moment; also pr. [yi1 hui3].
一共|ㄧ ㄍㄨㄥˋ|altogether.
一個人|ㄧ ㄍㄜˋ ㄖㄣˊ|by oneself (without assistance); alone (without company).
一定|ㄧ ㄉㄧㄥˋ|surely; certainly; necessarily; fixed; a certain (extent etc); given; particular; must.
一點|ㄧ ㄉㄧㄢˇ|a bit; a little; one dot; one point.
一邊|ㄧ ㄅㄧㄢ|one side; either side; on the one hand; on the other hand; doing while.
一般|ㄧ ㄅㄢ|same; ordinary; so-so; common; general; generally; in general.
一|ㄧ|"one; 1; single; a (article); as soon as; entire; whole; all; throughout; ""one"" radical in Chinese characters (Kangxi radical 1); also pr. [yao1] for greater clarity when spelling out numbers digit by digit."
作業|ㄗㄨㄛˋ ㄧㄝˋ|school assignment; homework; work; task; operation; CL:個/个[ge4]; to operate.
昨天|ㄗㄨㄛˊ ㄊㄧㄢ|yesterday.
做夢|ㄗㄨㄛˋ ㄇㄥˋ|to dream; to have a dream; fig. illusion; fantasy; pipe dream.
左邊|ㄗㄨㄛˇ ㄅㄧㄢ˙|left; the left side; to the left of.
左|ㄗㄨㄛˇ|surname Zuo.
左|ㄗㄨㄛˇ|left; the Left (politics); east; unorthodox; queer; wrong; differing; opposite; variant of 佐[zuo3].
坐|ㄗㄨㄛˋ|surname Zuo.
坐|ㄗㄨㄛˋ|to sit; to take a seat; to take (a bus, airplane etc); to bear fruit; variant of 座[zuo4].
做|ㄗㄨㄛˋ|to make; to produce; to write; to compose; to do; to engage in; to hold (a party etc); (of a person) to be (an intermediary, a good student etc); to become (husband and wife, friends etc); (of a thing) to serve as; to be used for; to assume (an air or manner).
最近|ㄗㄨㄟˋ ㄐㄧㄣˋ|recently; soon; nearest.
最後|ㄗㄨㄟˋ ㄏㄡˋ|final; last; finally; ultimate.
嘴巴|ㄗㄨㄟˇ ㄅㄚ˙|mouth; CL:張/张[zhang1]; slap in the face; CL:個/个[ge4].
最|ㄗㄨㄟˋ|most; the most; -est (superlative suffix).
足球|ㄗㄨˊ ㄑㄧㄡˊ|soccer ball; a football; CL:個/个[ge4]; soccer; football.
走路|ㄗㄡˇ ㄌㄨˋ|to walk; to go on foot.
走|ㄗㄡˇ|to walk; to go; to run; to move (of vehicle); to visit; to leave; to go away; to die (euph.); from; through; away (in compound verbs, such as 撤走[che4 zou3]); to change (shape, form, meaning).
粽子|ㄗㄨㄥˋ ㄗ˙|glutinous rice and choice of filling wrapped in leaves and steamed or boiled.
總是|ㄗㄨㄥˇ ㄕˋ|always.
咨詢|ㄗ ㄒㄩㄣˊ|to consult; to seek advice; consultation; (sales) inquiry (formal).
自行車|ㄗˋ ㄒㄧㄥˊ ㄔㄜ|bicycle; bike; CL:輛/辆[liang4].
自拍|ㄗˋ ㄆㄞ|to take a picture or video of oneself; to take a selfie; selfie.
自己|ㄗˋ ㄐㄧˇ|oneself; one's own.
資本|ㄗ ㄅㄣˇ|capital (economics).
紫|ㄗˇ|purple; violet.
字|ㄗˋ|letter; symbol; character; word; CL:個/个[ge4]; courtesy or style name traditionally given to males aged 20 in dynastic China.
桌子|ㄓㄨㄛ ㄗ˙|table; desk; CL:張/张[zhang1],套[tao4].
準時|ㄓㄨㄣˇ ㄕˊ|on time; punctual; on schedule.
準備|ㄓㄨㄣˇ ㄅㄟˋ|preparation; to prepare; to intend; to be about to; reserve (fund).
專業|ㄓㄨㄢ ㄧㄝˋ|specialty; specialized field; main field of study (at university); major; CL:門/门[men2],個/个[ge4]; professional.
轉機|ㄓㄨㄢˇ ㄐㄧ|(to take) a turn for the better; to change planes.
轉發|ㄓㄨㄢˇ ㄈㄚ|to transmit; to forward (mail, SMS, packets of data); to pass on; to republish (an article from another publication).
注意|ㄓㄨˋ ㄧˋ|to take note of; to pay attention to.
主要|ㄓㄨˇ ㄧㄠˋ|main; principal; major; primary.
豬肉|ㄓㄨ ㄖㄡˋ|pork.
住|ㄓㄨˋ|to live; to dwell; to stay; to reside; to stop; (suffix indicating firmness, steadiness, or coming to a halt).
祝|ㄓㄨˋ|surname Zhu.
祝|ㄓㄨˋ|to wish; to express good wishes; to pray; (old) wizard.
周圍|ㄓㄡ ㄨㄟˊ|surroundings; environment; to encompass.
週末|ㄓㄡ ㄇㄛˋ|weekend.
粥|ㄩˋ|see 葷粥/荤粥[Xun1 yu4].
粥|ㄓㄡ|congee; gruel; porridge; CL:碗[wan3].
終於|ㄓㄨㄥ ㄩˊ|at last; in the end; finally; eventually.
重要|ㄓㄨㄥˋ ㄧㄠˋ|important; significant; major.
中午|ㄓㄨㄥ ㄨˇ|noon; midday; CL:個/个[ge4].
中文|ㄓㄨㄥ ㄨㄣˊ|Chinese language.
中秋節|ㄓㄨㄥ ㄑㄧㄡ ㄐㄧㄝˊ|the Mid-Autumn Festival on 15th of 8th lunar month.
中間|ㄓㄨㄥ ㄐㄧㄢ|between; intermediate; mid; middle.
中國|ㄓㄨㄥ ㄍㄨㄛˊ|China.
鐘|ㄓㄨㄥ|clock; o'clock; time as measured in hours and minutes; bell; CL:架[jia4],座[zuo4].
質量|ㄓˋ ㄌㄧㄤˋ|quality; (physics) mass; CL:個/个[ge4].
知道|ㄓ ㄉㄠˋ|to know; to become aware of; also pr. [zhi1 dao5].
紙|ㄓˇ|paper; CL:張/张[zhang1],沓[da2]; classifier for documents, letter etc.
只|ㄓˇ|only; merely; just; but.
正在|ㄓㄥˋ ㄗㄞˋ|just at (that time); right in (that place); right in the middle of (doing sth).
整|ㄓㄥˇ|exactly; in good order; whole; complete; entire; in order; orderly; to repair; to mend; to renovate; (coll.) to fix sb; to give sb a hard time; to mess with sb.
珍珠奶茶|ㄓㄣ ㄓㄨ ㄋㄞˇ ㄔㄚˊ|pearl milk tea; tapioca milk tea; bubble milk tea.
真|ㄓㄣ|really; truly; indeed; real; true; genuine.
這裡|ㄓㄜˋ ㄌㄧˇ|here.
這|ㄓㄜˋ|this; these; (commonly pr. [zhei4] before a classifier, esp. in Beijing).
照相機|ㄓㄠˋ ㄒㄧㄤˋ ㄐㄧ|camera; CL:個/个[ge4],架[jia4],部[bu4],台[tai2],隻/只[zhi1].
照片|ㄓㄠˋ ㄆㄧㄢˋ|photograph; picture; CL:張/张[zhang1],套[tao4],幅[fu2].
著急|ㄓㄠˊ ㄐㄧˊ|to worry; to feel anxious; to feel a sense of urgency; to be in a hurry; Taiwan pr. [zhao1 ji2].
照顧|ㄓㄠˋ ㄍㄨ˙|to take care of; to show consideration; to attend to; to look after.
找|ㄓㄠˇ|to try to find; to look for; to call on sb; to find; to seek; to return; to give change.
丈夫|ㄓㄤˋ ㄈㄨ˙|husband; CL:個/个[ge4].
張|ㄓㄤ|surname Zhang.
張|ㄓㄤ|to open up; to spread; sheet of paper; classifier for flat objects, sheet; classifier for votes.
站|ㄓㄢˋ|station; to stand; to halt; to stop; branch of a company or organization; website.
宅男|ㄓㄞˊ ㄋㄢˊ|"a guy who stays at home all the time, typically spending a lot of time playing online games (derived from Japanese ""otaku"")."
怎麼樣|ㄗㄣˇ ㄇㄜ˙ ㄧㄤˋ|how?; how about?; how was it?; how are things?.
怎麼辦|ㄗㄣˇ ㄇㄜ˙ ㄅㄢˋ|what's to be done.
怎麼|ㄗㄣˇ ㄇㄜ˙|how?; what?; why?.
責任|ㄗㄜˊ ㄖㄣˋ|responsibility; blame; duty; CL:個/个[ge4].
早上|ㄗㄠˇ ㄕㄤ˙|early morning; CL:個/个[ge4].
早飯|ㄗㄠˇ ㄈㄢˋ|breakfast; CL:份[fen4],頓/顿[dun4],次[ci4],餐[can1].
早安|ㄗㄠˇ ㄢ|Good morning!.
早|ㄗㄠˇ|early; morning; Good morning!; long ago; prematurely.
髒|ㄗㄤ|dirty; filthy; to get (sth) dirty.
贊|ㄗㄢˋ|to patronize; to support; to praise; (Internet slang) to like (an online post on Facebook etc).
再見|ㄗㄞˋ ㄐㄧㄢˋ|goodbye; see you again later.
再|ㄗㄞˋ|again; once more; re-; second; another; then (after sth, and not until then); no matter how ... (followed by an adjective or verb, and then (usually) 也[ye3] or 都[dou1] for emphasis).
在|ㄗㄞˋ|(located) at; (to be) in; to exist; in the middle of doing sth; (indicating an action in progress).
運動|ㄩㄣˋ ㄉㄨㄥˋ|to move; to exercise; sports; exercise; motion; movement; campaign; CL:場/场[chang3].
月亮|ㄩㄝˋ ㄌㄧㄤ˙|the moon.
越來越|ㄩㄝˋ ㄌㄞˊ ㄩㄝˋ|more and more.
約會|ㄩㄝ ㄏㄨㄟˋ|appointment; engagement; date; CL:次[ci4],個/个[ge4]; to arrange to meet.
月餅|ㄩㄝˋ ㄅㄧㄥˇ|mooncake (esp. for the Mid-Autumn Festival).
月|ㄩㄝˋ|moon; month; monthly; CL:個/个[ge4],輪/轮[lun2].
願意|ㄩㄢˋ ㄧˋ|to wish; to want; ready; willing (to do sth).
原諒|ㄩㄢˊ ㄌㄧㄤˋ|to excuse; to forgive; to pardon.
圓|ㄩㄢˊ|circle; round; circular; spherical; (of the moon) full; unit of Chinese currency (yuan); tactful; to make consistent and whole (the narrative of a dream or a lie).
遠|ㄩㄢˇ|far; distant; remote; (intensifier in a comparison) by far; much (lower etc).
遠|ㄩㄢˋ|to distance oneself from (classical).
元|ㄩㄢˊ|surname Yuan; the Yuan or Mongol dynasty (1279-1368).
元|ㄩㄢˊ|currency unit (esp. Chinese yuan); first; original; primary; fundamental; constituent; part; era (of a reign); meta- (prefix); (math.) argument; variable; (Tw) (geology) eon.
語言|ㄩˇ ㄧㄢˊ|language; CL:門/门[men2],種/种[zhong3].
預算|ㄩˋ ㄙㄨㄢˋ|budget.
羽毛|ㄩˇ ㄇㄠˊ|feather; plumage; plume.
愉快|ㄩˊ ㄎㄨㄞˋ|cheerful; cheerily; delightful; pleasant; pleasantly; pleasing; happy; delighted.
語法|ㄩˇ ㄈㄚˇ|grammar.
遇到|ㄩˋ ㄉㄠˋ|to meet; to run into; to come across.
雨|ㄩˇ|rain; CL:陣/阵[zhen4],場/场[chang2].
雨|ㄩˋ|(literary) to rain; (of rain, snow etc) to fall; to precipitate; to wet.
魚|ㄩˊ|surname Yu.
魚|ㄩˊ|fish; CL:條/条[tiao2],尾[wei3].
游泳|ㄧㄡˊ ㄩㄥˇ|swimming; to swim.
遊戲|ㄧㄡˊ ㄒㄧˋ|game; CL:場/场[chang3]; to play.
油條|ㄧㄡˊ ㄊㄧㄠˊ|youtiao (deep-fried breadstick); CL:根[gen1]; slick and sly person.
有名|ㄧㄡˇ ㄇㄧㄥˊ|famous; well-known.
有點兒|ㄧㄡˇ ㄉㄧㄢˇ ㄦ˙|slightly; a little; somewhat.
右邊|ㄧㄡˋ ㄅㄧㄢ˙|right side; right, to the right.
右|ㄧㄡˋ|right (-hand); the Right (politics); west (old).
游|ㄧㄡˊ|surname You.
游|ㄧㄡˊ|to swim; variant of 遊/游[you2].
又|ㄧㄡˋ|(once) again; also; both... and...; and yet; (used for emphasis) anyway.
有|ㄧㄡˇ|to have; there is; there are; to exist; to be.
用|ㄩㄥˋ|to use; to employ; to have to; to eat or drink; expense or outlay; usefulness; hence; therefore.
泳|ㄩㄥˇ|swimming; to swim.
英語|ㄧㄥ ㄩˇ|English (language).
應用|ㄧㄥˋ ㄩㄥˋ|to put to use; to apply; practical; applied (science, linguistics etc); application; practical use; (computing) app.
影響|ㄧㄥˇ ㄒㄧㄤˇ|influence; effect; to influence; to affect (usually adversely); to disturb; CL:股[gu3].
英文|ㄧㄥ ㄨㄣˊ|English (language).
英國|ㄧㄥ ㄍㄨㄛˊ|United Kingdom 聯合王國/联合王国[Lian2 he2 wang2 guo2]; United Kingdom of Great Britain and Northern Ireland; abbr. for England 英格蘭/英格兰[Ying1 ge2 lan2].
應該|ㄧㄥ ㄍㄞ|ought to; should; must.
贏|ㄧㄥˊ|to beat; to win; to profit.
銀行|ㄧㄣˊ ㄏㄤˊ|bank; CL:家[jia1],個/个[ge4].
因為|ㄧㄣ ㄨㄟˋ|because; owing to; on account of.
飲料|ㄧㄣˇ ㄌㄧㄠˋ|drink; beverage.
音樂|ㄧㄣ ㄩㄝˋ|music; CL:張/张[zhang1],曲[qu3],段[duan4].
印度|ㄧㄣˋ ㄉㄨˋ|India.
陰|ㄧㄣ|surname Yin.
陰|ㄧㄣ|overcast (weather); cloudy; shady; Yin (the negative principle of Yin and Yang); negative (electric.); feminine; moon; implicit; hidden; genitalia.
漢字|ㄏㄢˋ ㄗˋ|Chinese character; CL:個/个[ge4]; Japanese: kanji; Korean: hanja; Vietnamese: hán tự.
椅子|ㄧˇ ㄗ˙|chair; CL:把[ba3],套[tao4].
醫院|ㄧ ㄩㄢˋ|hospital; CL:所[suo3],家[jia1],座[zuo4].
漢語|ㄏㄢˋ ㄩˇ|Chinese language; CL:門/门[men2].
意外|ㄧˋ ㄨㄞˋ|unexpected; accident; mishap; CL:個/个[ge4].
意思|ㄧˋ ㄙ˙|idea; opinion; meaning; wish; desire; interest; fun; token of appreciation, affection etc; CL:個/个[ge4]; to give as a small token; to do sth as a gesture of goodwill etc.
醫生|ㄧ ㄕㄥ|doctor; CL:個/个[ge4],位[wei4],名[ming2].
以前|ㄧˇ ㄑㄧㄢˊ|before; formerly; previous; ago.
已經|ㄧˇ ㄐㄧㄥ|already.
意見|ㄧˋ ㄐㄧㄢˋ|idea; opinion; suggestion; objection; complaint; CL:點/点[dian3],條/条[tiao2].
以後|ㄧˇ ㄏㄡˋ|after; later; afterwards; following; later on; in the future.
衣服|ㄧ ㄈㄨ˙|clothes; CL:件[jian4],套[tao4].
意大利|ㄧˋ ㄉㄚˋ ㄌㄧˋ|Italy; Italian.
爺爺|ㄧㄝˊ ㄧㄝ˙|(coll.) father's father; paternal grandfather; CL:個/个[ge4].
也|ㄧㄝˇ|surname Ye.
也|ㄧㄝˇ|also; too; (in Classical Chinese) final particle implying affirmation.
要求|ㄧㄠ ㄑㄧㄡˊ|to request; to require; requirement; to stake a claim; to ask; to demand; CL:點/点[dian3].
藥|ㄧㄠˋ|medicine; drug; substance used for a specific purpose (e.g. poisoning, explosion, fermenting); CL:種/种[zhong3],服[fu4],味[wei4]; to poison.
要|ㄧㄠ|to demand; to request; to coerce.
要|ㄧㄠˋ|important; vital; to want; to ask for; will; going to (as future auxiliary); may; must; (used in a comparison) must be; probably; if.
羊肉|ㄧㄤˊ ㄖㄡˋ|mutton; goat meat.
嚴重|ㄧㄢˊ ㄓㄨㄥˋ|grave; serious; severe; critical.
顏色|ㄧㄢˊ ㄙㄜˋ|color; countenance; appearance; facial expression; pigment; dyestuff.
眼鏡|ㄧㄢˇ ㄐㄧㄥˋ|spectacles; eyeglasses; CL:副[fu4].
眼睛|ㄧㄢˇ ㄐㄧㄥ˙|eye; CL:隻/只[zhi1],雙/双[shuang1].
廣告|ㄍㄨㄤˇ ㄍㄠˋ|to advertise; a commercial; advertisement; CL:項/项[xiang4].
鹽|ㄧㄢˊ|salt; CL:粒[li4].
壓力|ㄧㄚ ㄌㄧˋ|pressure.
學校|ㄒㄩㄝˊ ㄒㄧㄠˋ|school; CL:所[suo3].
學習|ㄒㄩㄝˊ ㄒㄧˊ|to learn; to study.
學生|ㄒㄩㄝˊ ㄕㄥ˙|student; schoolchild.
學|ㄒㄩㄝˊ|to learn; to study; to imitate; science; -ology.
雪|ㄒㄩㄝˇ|surname Xue.
雪|ㄒㄩㄝˇ|snow; CL:場/场[chang2]; (literary) to wipe away (a humiliation etc).
選擇|ㄒㄩㄢˇ ㄗㄜˊ|to select; to pick; choice; option; alternative.
需要|ㄒㄩ ㄧㄠˋ|to need; to want; to demand; to require; requirement; need.
休息|ㄒㄧㄡ ㄒㄧ˙|rest; to rest.
熊貓|ㄒㄩㄥˊ ㄇㄠ|panda; CL:隻/只[zhi1].
兄弟姐妹|ㄒㄩㄥ ㄉㄧˋ ㄐㄧㄝˇ ㄇㄟˋ|brothers and sisters; siblings.
星星|ㄒㄧㄥ ㄒㄧㄥ˙|star in the sky.
興趣|ㄒㄧㄥˋ ㄑㄩˋ|interest (desire to know about sth); interest (thing in which one is interested); hobby; CL:個/个[ge4].
星期|ㄒㄧㄥ ㄑㄧ|week; CL:個/个[ge4]; day of the week; Sunday.
行李|ㄒㄧㄥˊ ㄌㄧ˙|luggage; CL:件[jian4].
姓|ㄒㄧㄥˋ|family name; surname; CL:個/个[ge4]; to be surnamed.
行|ㄏㄤˊ|row; line; commercial firm; line of business; profession; to rank (first, second etc) among one's siblings (by age); (in data tables) row; (Tw) column.
行|ㄒㄧㄥˊ|to walk; to go; to travel; a visit; temporary; makeshift; current; in circulation; to do; to perform; capable; competent; effective; all right; OK!; will do; behavior; conduct; Taiwan pr. [xing4] for the behavior-conduct sense.
信用卡|ㄒㄧㄣˋ ㄩㄥˋ ㄎㄚˇ|credit card.
信心|ㄒㄧㄣˋ ㄒㄧㄣ|confidence; faith (in sb or sth); CL:個/个[ge4].
新鮮|ㄒㄧㄣ ㄒㄧㄢ|fresh (experience, food etc); freshness; novel; uncommon.
新聞|ㄒㄧㄣ ㄨㄣˊ|news; CL:條/条[tiao2],個/个[ge4].
新年|ㄒㄧㄣ ㄋㄧㄢˊ|New Year; CL:個/个[ge4].
辛苦|ㄒㄧㄣ ㄎㄨˇ|exhausting; hard; tough; arduous; to work hard; to go to a lot of trouble; hardship(s).
信號|ㄒㄧㄣˋ ㄏㄠˋ|signal.
新|ㄒㄧㄣ|abbr. for Xinjiang 新疆[Xin1 jiang1] or Singapore 新加坡[Xin1 jia1 po1]; surname Xin.
新|ㄒㄧㄣ|new; newly; meso- (chemistry).
鞋子|ㄒㄧㄝˊ ㄗ˙|shoe.
協議|ㄒㄧㄝˊ ㄧˋ|agreement; pact; protocol; CL:項/项[xiang4].
謝謝|ㄒㄧㄝˋ ㄒㄧㄝ˙|to thank; thanks; thank you.
些|ㄒㄧㄝ|classifier indicating a small amount or small number greater than 1: some, a few, several.
寫|ㄒㄧㄝˇ|to write.
小學|ㄒㄧㄠˇ ㄒㄩㄝˊ|elementary school; primary school; CL:個/个[ge4].
小心|ㄒㄧㄠˇ ㄒㄧㄣ|to be careful; to take care.
小時|ㄒㄧㄠˇ ㄕˊ|hour; CL:個/个[ge4].
小籠包|ㄒㄧㄠˇ ㄌㄨㄥˊ ㄅㄠ|steamed dumpling.
小姐|ㄒㄧㄠˇ ㄐㄧㄝ˙|young lady; miss; (slang) prostitute; CL:個/个[ge4],位[wei4].
小費|ㄒㄧㄠˇ ㄈㄟˋ|tip; gratuity.
校長|ㄒㄧㄠˋ ㄓㄤˇ|(college, university) president; headmaster; CL:個/个[ge4],位[wei4],名[ming2].
小|ㄒㄧㄠˇ|small; tiny; few; young.
笑|ㄒㄧㄠˋ|laugh; smile; CL:個/个[ge4].
相信|ㄒㄧㄤ ㄒㄧㄣˋ|to be convinced (that sth is true); to believe; to accept sth as true.
項目|ㄒㄧㄤˋ ㄇㄨˋ|item; project; (sports) event; CL:個/个[ge4].
香蕉|ㄒㄧㄤ ㄐㄧㄠ|banana; CL:枝[zhi1],根[gen1],個/个[ge4],把[ba3].
香港|ㄒㄧㄤ ㄍㄤˇ|Hong Kong.
想|ㄒㄧㄤˇ|to think; to believe; to suppose; to wish; to want; to miss (feel wistful about the absence of sb or sth).
向|ㄒㄧㄤˋ|surname Xiang.
向|ㄒㄧㄤˋ|towards; to face; to turn towards; direction; to support; to side with; shortly before; formerly; always; all along; (suffix) suitable for ...; oriented to ...
像|ㄒㄧㄤˋ|to resemble; to be like; to look as if; such as; appearance; image; portrait; image under a mapping (math.).
現在|ㄒㄧㄢˋ ㄗㄞˋ|now; at present; at the moment; modern; current; nowadays.
先生|ㄒㄧㄢ ㄕㄥ˙|teacher; husband; doctor (dialect); CL:位[wei4]; Mister (Mr.).
現金|ㄒㄧㄢˋ ㄐㄧㄣ|cash.
咸|ㄒㄧㄢˊ|surname Xian.
咸|ㄒㄧㄢˊ|all; everyone; each; widespread; harmonious.
先|ㄒㄧㄢ|early; prior; former; in advance; first.
下載|ㄒㄧㄚˋ ㄗㄞˇ|to download; also pr. [xia4 zai4].
下午|ㄒㄧㄚˋ ㄨˇ|afternoon; CL:個/个[ge4]; p.m.
下面|ㄒㄧㄚˋ ㄇㄧㄢˋ|below; under; next; the following; also pr. [xia4 mian5].
下課|ㄒㄧㄚˋ ㄎㄜˋ|to finish class; to get out of class; (fig.) (esp. of a sports coach) to be dismissed; to be fired.
下班|ㄒㄧㄚˋ ㄅㄢ|to finish work; to get off work.
下|ㄒㄧㄚˋ|down; downwards; below; lower; later; next (week etc); second (of two parts); to decline; to go down; to arrive at (a decision, conclusion etc); measure word to show the frequency of an action.
夏|ㄒㄧㄚˋ|the Xia or Hsia dynasty c. 2000 BC; Xia of the Sixteen Kingdoms (407-432); surname Xia.
夏|ㄒㄧㄚˋ|summer.
洗澡|ㄒㄧˇ ㄗㄠˇ|to bathe; to take a shower.
希望|ㄒㄧ ㄨㄤˋ|to wish for; to desire; hope; CL:個/个[ge4].
洗手間|ㄒㄧˇ ㄕㄡˇ ㄐㄧㄢ|toilet; lavatory; washroom.
喜歡|ㄒㄧˇ ㄏㄨㄢ˙|to like; to be fond of.
習慣|ㄒㄧˊ ㄍㄨㄢˋ|habit; custom; usual practice; to be used to; CL:個/个[ge4].
西瓜|ㄒㄧ ㄍㄨㄚ|watermelon; CL:顆/颗[ke1],粒[li4],個/个[ge5].
西邊|ㄒㄧ ㄅㄧㄢ|west; west side; western part; to the west of.
西班牙語|ㄒㄧ ㄅㄢ ㄧㄚˊ ㄩˇ|Spanish language.
西班牙|ㄒㄧ ㄅㄢ ㄧㄚˊ|Spain.
西安|ㄒㄧ ㄢ|Xi'an, sub-provincial city and capital of Shaanxi 陝西省/陕西省[Shan3 xi1 Sheng3] in northwest China; see 西安區/西安区[Xi1 an1 Qu1].
洗|ㄒㄧˇ|to wash; to bathe; to develop (photo).
誤會|ㄨˋ ㄏㄨㄟˋ|to misunderstand; to mistake; misunderstanding; CL:個/个[ge4].
午飯|ㄨˇ ㄈㄢˋ|lunch; CL:份[fen4],頓/顿[dun4],次[ci4],餐[can1].
五|ㄨˇ|five; 5.
我們|ㄨㄛˇ ㄇㄣ˙|we; us; ourselves; our.
我|ㄨㄛˇ|I; me; my.
問題|ㄨㄣˋ ㄊㄧˊ|question; problem; issue; topic; CL:個/个[ge4].
文化|ㄨㄣˊ ㄏㄨㄚˋ|culture; civilization; cultural; CL:個/个[ge4],種/种[zhong3].
溫度|ㄨㄣ ㄉㄨˋ|temperature; CL:個/个[ge4].
問|ㄨㄣˋ|to ask; to inquire.
微信|ㄨㄟ ㄒㄧㄣˋ|Weixin or WeChat (mobile text and voice messaging service developed by Tencent 騰訊/腾讯[Teng2 xun4]).
為什麼|ㄨㄟˋ ㄕㄣˊ ㄇㄜ˙|why?; for what reason?.
為了|ㄨㄟˋ ㄌㄜ˙|in order to; for the purpose of; so as to.
味道|ㄨㄟˋ ㄉㄠ˙|flavor; smell; hint of.
微博|ㄨㄟ ㄅㄛˊ|microblogging; microblog.
餵|ㄨㄟˋ|to feed.
為|ㄨㄟˊ|as (in the capacity of); to take sth as; to act as; to serve as; to behave as; to become; to be; to do; by (in the passive voice).
為|ㄨㄟˋ|because of; for; to.
位|ㄨㄟˋ|position; location; place; seat; classifier for people (honorific); classifier for binary bits (e.g. 十六位 16-bit or 2 bytes); (physics) potential.
網球|ㄨㄤˇ ㄑㄧㄡˊ|tennis; tennis ball; CL:個/个[ge4].
忘記|ㄨㄤˋ ㄐㄧˋ|to forget.
忘|ㄨㄤˋ|to forget; to overlook; to neglect.
往|ㄨㄤˇ|to go (in a direction); to; towards; (of a train) bound for; past; previous.
王|ㄨㄤˊ|surname Wang.
王|ㄨㄤˊ|king or monarch; best or strongest of its type; grand; great.
王|ㄨㄤˋ|to rule; to reign over.
晚上|ㄨㄢˇ ㄕㄤ˙|evening; night; CL:個/个[ge4]; in the evening.
晚飯|ㄨㄢˇ ㄈㄢˋ|evening meal; dinner; supper; CL:份[fen4],頓/顿[dun4],次[ci4],餐[can1].
完成|ㄨㄢˊ ㄔㄥˊ|to complete; to accomplish.
晚安|ㄨㄢˇ ㄢ|Good night!; Good evening!.
玩|ㄨㄢˊ|to play; to have fun; to trifle with; toy; sth used for amusement; curio or antique (Taiwan pr. [wan4]); to keep sth for entertainment.
碗|ㄨㄢˇ|bowl; cup; CL:隻/只[zhi1],個/个[ge4].
晚|ㄨㄢˇ|evening; night; late.
完|ㄨㄢˊ|to finish; to be over; whole; complete; entire.
外面|ㄨㄞˋ ㄇㄧㄢˋ|outside (also pr. [wai4 mian5] for this sense); surface; exterior; external appearance.
外|ㄨㄞˋ|outside; in addition; foreign; external.
退款|ㄊㄨㄟˋ ㄎㄨㄢˇ|to refund; refund.
退貨|ㄊㄨㄟˋ ㄏㄨㄛˋ|to return merchandise; to withdraw a product.
退房|ㄊㄨㄟˋ ㄈㄤˊ|to check out of a hotel room.
腿|ㄊㄨㄟˇ|leg; CL:條/条[tiao2].
圖書館|ㄊㄨˊ ㄕㄨ ㄍㄨㄢˇ|library; CL:家[jia1],個/个[ge4].
突然|ㄊㄨ ㄖㄢˊ|sudden; abrupt; unexpected.
土豪|ㄊㄨˇ ㄏㄠˊ|local tyrant; local strong man; (slang) nouveau riche.
投資|ㄊㄡˊ ㄗ|investment; to invest.
頭髮|ㄊㄡˊ ㄈㄚ˙|hair (on the head).
頭|ㄊㄡˊ|head; hair style; the top; end; beginning or end; a stub; remnant; chief; boss; side; aspect; first; leading; classifier for pigs or livestock; CL:個/个[ge4].
頭|ㄊㄡ˙|suffix for nouns.
偷|ㄊㄡ|to steal; to pilfer; to snatch; thief; stealthily.
同意|ㄊㄨㄥˊ ㄧˋ|to agree; to consent; to approve.
同學|ㄊㄨㄥˊ ㄒㄩㄝˊ|to study at the same school; fellow student; classmate; CL:位[wei4],個/个[ge4].
同事|ㄊㄨㄥˊ ㄕˋ|colleague; co-worker; CL:個/个[ge4],位[wei4].
桶|ㄊㄨㄥˇ|bucket; (trash) can; barrel (of oil etc); CL:個/个[ge4],隻/只[zhi1].
停|ㄊㄧㄥˊ|to stop; to halt; to park (a car).
聽|ㄊㄧㄥ|"to listen; to hear; to obey; a can (loanword from English ""tin""); classifier for canned beverages."
聽|ㄊㄧㄥˋ|(literary pronunciation, still advocated in Taiwan) to rule; to sentence; to allow.
跳舞|ㄊㄧㄠˋ ㄨˇ|to dance.
條|ㄊㄧㄠˊ|strip; item; article; clause (of law or treaty); classifier for long thin things (ribbon, river, road, trousers etc).
天氣|ㄊㄧㄢ ㄑㄧˋ|weather.
甜點|ㄊㄧㄢˊ ㄉㄧㄢˇ|dessert.
甜|ㄊㄧㄢˊ|sweet.
天|ㄊㄧㄢ|day; sky; heaven.
體育館|ㄊㄧˇ ㄩˋ ㄍㄨㄢˇ|gym; gymnasium; stadium; CL:個/个[ge4].
體育|ㄊㄧˇ ㄩˋ|sports; physical education.
提醒|ㄊㄧˊ ㄒㄧㄥˇ|to remind; to call attention to; to warn of.
提高|ㄊㄧˊ ㄍㄠ|to raise; to increase; to improve.
題|ㄊㄧˊ|surname Ti.
題|ㄊㄧˊ|topic; problem for discussion; exam question; subject; to inscribe; to mention; CL:個/个[ge4],道[dao4].
踢|ㄊㄧ|to kick; to play (e.g. soccer); (slang) butch (in a lesbian relationship).
疼|ㄊㄥˊ|(it) hurts; sore; to love dearly.
特別|ㄊㄜˋ ㄅㄧㄝˊ|especially; special; particular; unusual.
湯圓|ㄊㄤ ㄩㄢˊ|boiled or deep-fried balls of glutinous rice flour, usually eaten during Lantern Festival.
糖|ㄊㄤˊ|sugar; sweets; candy; CL:顆/颗[ke1],塊/块[kuai4].
談|ㄊㄢˊ|surname Tan.
談|ㄊㄢˊ|to speak; to talk; to converse; to chat; to discuss.
太陽|ㄊㄞˋ ㄧㄤ˙|sun; CL:個/个[ge4]; abbr. for 太陽穴/太阳穴[tai4 yang2 xue2].
台灣|ㄊㄞˊ ㄨㄢ|variant of 臺灣/台湾[Tai2 wan1].
太|ㄊㄞˋ|highest; greatest; too (much); very; extremely.
她們|ㄊㄚ ㄇㄣ˙|they; them (for females).
他們|ㄊㄚ ㄇㄣ˙|they.
它|ㄊㄚ|it.
她|ㄊㄚ|she.
他|ㄊㄚ|he or him; (used for either sex when the sex is unknown or unimportant); (used before sb's name for emphasis); (used as a meaningless mock object); other; another.
所以|ㄙㄨㄛˇ ㄧˇ|therefore; as a result; so; the reason why.
雖然|ㄙㄨㄟ ㄖㄢˊ|although; even though; even if.
隨便|ㄙㄨㄟˊ ㄅㄧㄢˋ|as one wishes; as one pleases; at random; negligent; casual; wanton.
歲|ㄙㄨㄟˋ|classifier for years (of age); year; year (of crop harvests).
酸辣湯|ㄙㄨㄢ ㄌㄚˋ ㄊㄤ|hot and sour soup; sour and spicy soup.
送|ㄙㄨㄥˋ|to deliver; to carry; to give (as a present); to present (with); to see off; to send.
司機|ㄙ ㄐㄧ|chauffeur; driver; CL:個/个[ge4].
死|ㄙˇ|to die; impassable; uncrossable; inflexible; rigid; extremely; damned.
四|ㄙˋ|four; 4.
說話|ㄕㄨㄛ ㄏㄨㄚˋ|to speak; to say; to talk; to gossip; to tell stories; talk; word.
說|ㄕㄨㄟˋ|to persuade.
說|ㄕㄨㄛ|to speak; to say; to explain; to scold; to tell off; a theory (typically the last character in a compound, as in 日心說/日心说 heliocentric theory).
水平|ㄕㄨㄟˇ ㄆㄧㄥˊ|level (of achievement etc); standard; horizontal.
睡覺|ㄕㄨㄟˋ ㄐㄧㄠˋ|to go to bed; to sleep.
水果|ㄕㄨㄟˇ ㄍㄨㄛˇ|fruit; CL:個/个[ge4].
誰|ㄕㄟˊ|who; also pr. [shui2].
水|ㄕㄨㄟˇ|surname Shui.
水|ㄕㄨㄟˇ|water; river; liquid; beverage; additional charges or income; (of clothes) classifier for number of washes.
雙|ㄕㄨㄤ|surname Shuang.
雙|ㄕㄨㄤ|two; double; pair; both; even (number).
帥|ㄕㄨㄞˋ|surname Shuai.
帥|ㄕㄨㄞˋ|handsome; graceful; smart; commander in chief; (coll.) cool!; sweet!.
刷牙|ㄕㄨㄚ ㄧㄚˊ|to brush one's teeth.
刷|ㄕㄨㄚ|to brush; to paint; to daub; to paste up; to skip class (of students); to fire from a job.
刷|ㄕㄨㄚˋ|to select.
數學|ㄕㄨˋ ㄒㄩㄝˊ|mathematics; mathematical.
叔叔|ㄕㄨ ㄕㄨ˙|father's younger brother; uncle; Taiwan pr. [shu2 shu5]; CL:個/个[ge4].
暑假|ㄕㄨˇ ㄐㄧㄚˋ|summer vacation; CL:個/个[ge4].
舒服|ㄕㄨ ㄈㄨ˙|comfortable; feeling well.
蔬菜|ㄕㄨ ㄘㄞˋ|vegetables; CL:種/种[zhong3].
樹|ㄕㄨˋ|tree; CL:棵[ke1]; to cultivate; to set up.
書|ㄕㄨ|abbr. for 書經/书经[Shu1 jing1].
書|ㄕㄨ|book; letter; document; CL:本[ben3],冊/册[ce4],部[bu4]; to write.
輸|ㄕㄨ|to lose; to transport; to donate; to enter (a password).
受傷|ㄕㄡˋ ㄕㄤ|to sustain injuries; wounded (in an accident etc); harmed.
收據|ㄕㄡ ㄐㄩˋ|receipt; CL:張/张[zhang1].
手機|ㄕㄡˇ ㄐㄧ|cell phone; mobile phone; CL:部[bu4],支[zhi1].
手錶|ㄕㄡˇ ㄅㄧㄠˇ|wristwatch; CL:塊/块[kuai4],隻/只[zhi1],個/个[ge4].
瘦|ㄕㄡˋ|thin; to lose weight; (of clothing) tight; (of meat) lean; (of land) unproductive.
手|ㄕㄡˇ|hand; (formal) to hold; person engaged in certain types of work; person skilled in certain types of work; personal(ly); convenient; classifier for skill; CL:雙/双[shuang1],隻/只[zhi1].
收|ㄕㄡ|to receive; to accept; to collect; to put away; to restrain; to stop; in care of (used on address line after name).
什麼|ㄕㄣˊ ㄇㄜ˙|what?; something; anything.
失望|ㄕ ㄨㄤˋ|disappointed; to lose hope; to despair.
食堂|ㄕˊ ㄊㄤˊ|dining hall; cafeteria; CL:個/个[ge4],間/间[jian1].
事情|ㄕˋ ㄑㄧㄥ˙|affair; matter; thing; business; CL:件[jian4],樁/桩[zhuang1].
世界|ㄕˋ ㄐㄧㄝˋ|world; CL:個/个[ge4].
時間|ㄕˊ ㄐㄧㄢ|time; period; CL:段[duan4].
時候|ㄕˊ ㄏㄡ˙|time; length of time; moment; period.
時差|ㄕˊ ㄔㄚ|time difference; time lag; jet lag.
事|ㄕˋ|matter; thing; item; work; affair; CL:件[jian4],樁/桩[zhuang1],回[hui2].
試|ㄕˋ|to test; to try; experiment; examination; test.
十|ㄕˊ|ten; 10.
是|ㄕˋ|is; are; am; yes; to be.
升職|ㄕㄥ ㄓˊ|to get promoted (at work etc); promotion.
聲音|ㄕㄥ ㄧㄣ|voice; sound; CL:個/个[ge4].
生意|ㄕㄥ ㄧˋ|life force; vitality.
生意|ㄕㄥ ㄧ˙|business; CL:筆/笔[bi3].
生日|ㄕㄥ ㄖˋ|birthday; CL:個/个[ge4].
生氣|ㄕㄥ ㄑㄧˋ|to get angry; to take offense; angry; vitality; liveliness.
生病|ㄕㄥ ㄅㄧㄥˋ|to fall ill.
身體|ㄕㄣ ㄊㄧˇ|the body; one's health; CL:具[ju4],個/个[ge4]; in person.
勺子|ㄕㄠˊ ㄗ˙|scoop; ladle; CL:把[ba3].
少|ㄕㄠˇ|few; less; to lack; to be missing; to stop (doing sth); seldom.
少|ㄕㄠˋ|young.
上學|ㄕㄤˋ ㄒㄩㄝˊ|to go to school; to attend school.
上午|ㄕㄤˋ ㄨˇ|morning; CL:個/个[ge4].
上網|ㄕㄤˋ ㄨㄤˇ|to go online; to connect to the Internet; (of a document etc) to be uploaded to the Internet; (tennis, volleyball etc) to move in close to the net.
上面|ㄕㄤˋ ㄇㄧㄢˋ|on top of; above-mentioned; also pr. [shang4 mian5].
商量|ㄕㄤ ㄌㄧㄤ˙|to consult; to talk over; to discuss.
上海|ㄕㄤˋ ㄏㄞˇ|Shanghai municipality, central east China, abbr. to 滬/沪[Hu4].
商店|ㄕㄤ ㄉㄧㄢˋ|store; shop; CL:家[jia1],個/个[ge4].
上班|ㄕㄤˋ ㄅㄢ|to go to work; to be on duty; to start work; to go to the office.
上|ㄕㄤˇ|used in 上聲/上声[shang3 sheng1].
上|ㄕㄤˋ|on top; upon; above; upper; previous; first (of multiple parts); to climb; to get onto; to go up; to attend (class or university).
色|ㄙㄜˋ|color; CL:種/种[zhong3]; look; appearance; sex.
色|ㄕㄞˇ|color; dice.
傘|ㄙㄢˇ|umbrella; parasol; CL:把[ba3].
三|ㄙㄢ|surname San.
三|ㄙㄢ|three; 3.
如果|ㄖㄨˊ ㄍㄨㄛˇ|if; in case; in the event that.
肉|ㄖㄡˋ|meat; flesh; pulp (of a fruit); (coll.) (of a fruit) squashy; (of a person) flabby; irresolute; Kangxi radical 130.
容易|ㄖㄨㄥˊ ㄧˋ|easy; likely; liable (to).
日本|ㄖˋ ㄅㄣˇ|Japan.
日|ㄖˋ|abbr. for 日本[Ri4 ben3], Japan.
日|ㄖˋ|sun; day; date, day of the month.
認真|ㄖㄣˋ ㄓㄣ|conscientious; earnest; serious; to take seriously; to take to heart.
認為|ㄖㄣˋ ㄨㄟˊ|to believe; to think; to consider; to feel.
認識|ㄖㄣˋ ㄕ˙|to know; to recognize; to be familiar with; to get acquainted with sb; knowledge; understanding; awareness; cognition.
人|ㄖㄣˊ|person; people; CL:個/个[ge4],位[wei4].
熱情|ㄖㄜˋ ㄑㄧㄥˊ|cordial; enthusiastic; passion; passionate; passionately.
熱|ㄖㄜˋ|to warm up; to heat up; hot (of weather); heat; fervent.
讓|ㄖㄤˋ|to yield; to permit; to let sb do sth; to have sb do sth; to make sb (feel sad etc); by (indicates the agent in a passive clause, like 被[bei4]).
然後|ㄖㄢˊ ㄏㄡˋ|after; then (afterwards); after that; afterwards.
裙子|ㄑㄩㄣˊ ㄗ˙|skirt; CL:條/条[tiao2].
取消|ㄑㄩˇ ㄒㄧㄠ|to cancel; cancellation.
去年|ㄑㄩˋ ㄋㄧㄢˊ|last year.
去|ㄑㄩˋ|to go; to go to (a place); (of a time etc) last; just passed; to send; to remove; to get rid of; to reduce; to be apart from in space or time; to die (euphemism); to play (a part); (when used either before or after a verb) to go in order to do sth; (after a verb of motion indicates movement away from the speaker); (used after certain verbs to indicate detachment or separation).
秋|ㄑㄧㄡ|surname Qiu.
秋|ㄑㄧㄡ|autumn; fall; harvest time.
請問|ㄑㄧㄥˇ ㄨㄣˋ|Excuse me, may I ask...?.
輕鬆|ㄑㄧㄥ ㄙㄨㄥ|light; gentle; relaxed; effortless; uncomplicated; to relax; to take things less seriously.
請假|ㄑㄧㄥˇ ㄐㄧㄚˋ|to request leave of absence.
清楚|ㄑㄧㄥ ㄔㄨ˙|clear; distinct; to understand thoroughly; to be clear about.
晴|ㄑㄧㄥˊ|clear; fine (weather).
請|ㄑㄧㄥˇ|to ask; to invite; please (do sth); to treat (to a meal etc); to request.
親戚|ㄑㄧㄣ ㄑㄧ˙|a relative (i.e. family relation); CL:門/门[men2],個/个[ge4],位[wei4].
巧克力|ㄑㄧㄠˇ ㄎㄜˋ ㄌㄧˋ|chocolate (loanword); CL:塊/块[kuai4].
簽證|ㄑㄧㄢ ㄓㄥˋ|visa; to issue a visa.
前天|ㄑㄧㄢˊ ㄊㄧㄢ|the day before yesterday.
簽名|ㄑㄧㄢ ㄇㄧㄥˊ|to sign (one's name with a pen etc); to autograph; signature.
前面|ㄑㄧㄢˊ ㄇㄧㄢˋ|ahead; in front; preceding; above; also pr. [qian2 mian5].
鉛筆|ㄑㄧㄢ ㄅㄧˇ|(lead) pencil; CL:支[zhi1],枝[zhi1],桿/杆[gan3].
前|ㄑㄧㄢˊ|front; forward; ahead; first; top (followed by a number); future; ago; before; BC (e.g. 前293年); former; formerly.
千|ㄑㄧㄢ|thousand.
錢|ㄑㄧㄢˊ|surname Qian.
錢|ㄑㄧㄢˊ|coin; money; CL:筆/笔[bi3]; unit of weight, one tenth of a tael 兩/两[liang3].
妻子|ㄑㄧ ㄗˇ|wife and children.
妻子|ㄑㄧ ㄗ˙|wife; CL:個/个[ge4].
其他|ㄑㄧˊ ㄊㄚ|other; (sth or sb) else; the rest.
其實|ㄑㄧˊ ㄕˊ|actually; in fact; really.
奇怪|ㄑㄧˊ ㄍㄨㄞˋ|strange; odd; to marvel; to be baffled.
起飛|ㄑㄧˇ ㄈㄟ|(of an aircraft) to take off.
起床|ㄑㄧˇ ㄔㄨㄤˊ|to get out of bed; to get up.
汽車|ㄑㄧˋ ㄔㄜ|car; automobile; bus; CL:輛/辆[liang4].
騎|ㄐㄧˋ|(Tw) saddle horse; mounted soldier.
騎|ㄑㄧˊ|to sit astride; to ride (a horse, bike etc); classifier for saddle horses.
七|ㄑㄧ|seven; 7.
瓶子|ㄆㄧㄥˊ ㄗ˙|bottle; CL:個/个[ge4].
乒乓球|ㄆㄧㄥ ㄆㄤ ㄑㄧㄡˊ|table tennis; ping-pong; table tennis ball; CL:個/个[ge4].
評論|ㄆㄧㄥˊ ㄌㄨㄣˋ|to comment on; to discuss; comment; commentary; CL:篇[pian1].
蘋果|ㄆㄧㄥˊ ㄍㄨㄛˇ|apple; CL:個/个[ge4],顆/颗[ke1].
瓶|ㄆㄧㄥˊ|bottle; vase; pitcher; CL:個/个[ge4]; classifier for wine and liquids.
漂亮|ㄆㄧㄠˋ ㄌㄧㄤ˙|pretty; beautiful.
票|ㄆㄧㄠˋ|ticket; ballot; banknote; CL:張/张[zhang1]; person held for ransom; amateur performance of Chinese opera; classifier for groups, batches, business transactions.
皮鞋|ㄆㄧˊ ㄒㄧㄝˊ|leather shoes.
啤酒|ㄆㄧˊ ㄐㄧㄡˇ|beer (loanword); CL:杯[bei1],瓶[ping2],罐[guan4],桶[tong3],缸[gang1].
壞|ㄏㄨㄞˋ|bad; spoiled; broken; to break down; (suffix) to the utmost.
朋友圈|ㄆㄥˊ ㄧㄡ˙ ㄑㄩㄢ|Moments (social networking function of smartphone app WeChat 微信[Wei1 xin4]).
朋友|ㄆㄥˊ ㄧㄡ˙|friend; CL:個/个[ge4],位[wei4].
跑步|ㄆㄠˇ ㄅㄨˋ|to run; to jog; (military) to march at the double.
跑|ㄆㄠˊ|(of an animal) to paw (the ground).
跑|ㄆㄠˇ|to run; to run away; to escape; to run around (on errands etc); (of a gas or liquid) to leak or evaporate; (verb complement) away; off.
旁邊|ㄆㄤˊ ㄅㄧㄢ|lateral; side; to the side; beside.
胖|ㄆㄢˊ|healthy; at ease.
胖|ㄆㄤˋ|fat; plump.
盤子|ㄆㄢˊ ㄗ˙|tray; plate; dish; CL:個/个[ge4].
拍照|ㄆㄞ ㄓㄠˋ|to take a picture.
排球|ㄆㄞˊ ㄑㄧㄡˊ|volleyball; CL:個/个[ge4].
派對|ㄆㄞˋ ㄉㄨㄟˋ|party (loanword).
爬山|ㄆㄚˊ ㄕㄢ|to climb a mountain; to mountaineer; hiking; mountaineering.
暖和|ㄋㄨㄢˇ ㄏㄨㄛ˙|warm; nice and warm.
努力|ㄋㄨˇ ㄌㄧˋ|great effort; to strive; to try hard.
女兒|ㄋㄩˇ ㄦˊ|daughter.
女|ㄋㄩˇ|female; woman; daughter.
女|ㄖㄨˇ|archaic variant of 汝[ru3].
紐約|ㄋㄧㄡˇ ㄩㄝ|New York.
牛肉|ㄋㄧㄡˊ ㄖㄡˋ|beef.
牛奶|ㄋㄧㄡˊ ㄋㄞˇ|cow's milk; CL:瓶[ping2],杯[bei1].
您|ㄋㄧㄣˊ|you (courteous, as opposed to informal 你[ni3]).
鳥|ㄉㄧㄠˇ|variant of 屌[diao3]; penis.
鳥|ㄋㄧㄠˇ|"bird; CL:隻/只[zhi1],群[qun2]; ""bird"" radical in Chinese characters (Kangxi radical 196); (dialect) to pay attention to; (intensifier) damned; goddamn."
年輕|ㄋㄧㄢˊ ㄑㄧㄥ|young.
年級|ㄋㄧㄢˊ ㄐㄧˊ|grade; year (in school, college etc); CL:個/个[ge4].
年|ㄋㄧㄢˊ|surname Nian.
年|ㄋㄧㄢˊ|year; CL:個/个[ge4].
你們|ㄋㄧˇ ㄇㄣ˙|you (plural).
呢|ㄋㄜ˙|"particle indicating that a previously asked question is to be applied to the preceding word (""What about ...?"", ""And ...?""); particle for inquiring about location (""Where is ...?""); particle signaling a pause, to emphasize the preceding words and allow the listener time to take them on board (""ok?"", ""are you with me?""); (at the end of a declarative sentence) particle indicating continuation of a state or action; particle indicating strong affirmation."
呢|ㄋㄧˊ|woolen material.
你|ㄋㄧˇ|you (informal, as opposed to courteous 您[nin2]).
能|ㄋㄥˊ|surname Neng.
能|ㄋㄥˊ|can; to be able to; might possibly; ability; (physics) energy.
難過|ㄋㄢˊ ㄍㄨㄛˋ|to feel sad; to feel unwell; (of life) to be difficult.
南方|ㄋㄢˊ ㄈㄤ|south; the southern part of the country; the South.
難吃|ㄋㄢˊ ㄔ|unpalatable.
南邊|ㄋㄢˊ ㄅㄧㄢ˙|south; south side; southern part; to the south of.
男|ㄋㄢˊ|male; Baron, lowest of five orders of nobility 五等爵位[wu3 deng3 jue2 wei4]; CL:個/个[ge4].
難|ㄋㄢˊ|difficult (to...); problem; difficulty; difficult; not good.
難|ㄋㄢˋ|disaster; distress; to scold.
奶奶|ㄋㄞˇ ㄋㄞ˙|(informal) grandma (paternal grandmother); (respectful) mistress of the house; CL:位[wei4]; (coll.) boobies; breasts.
那裡|ㄋㄚˋ ㄌㄧ˙|there; that place.
哪裡|ㄋㄚˇ ㄌㄧˇ|where?; somewhere; anywhere; wherever; nowhere (negative answer to question); humble expression denying compliment.
哪兒|ㄋㄚˇ ㄦ˙|where?; wherever; anywhere.
那兒|ㄋㄚˋ ㄦ˙|there.
拿|ㄋㄚˊ|to hold; to seize; to catch; to apprehend; to take; (used in the same way as 把[ba3]: to mark the following noun as a direct object).
哪|ㄋㄚˇ|how; which.
哪|ㄋㄚ˙|"(emphatic sentence-final particle, used instead of 啊[a5] after a word ending in ""n"")."
哪|ㄋㄜˊ|used in 哪吒[Ne2 zha1]; Taiwan pr. [nuo2].
哪|ㄋㄟˇ|which? (interrogative, followed by classifier or numeral-classifier).
那|ㄋㄚ|surname Na.
那|ㄋㄨㄛˊ|surname Nuo.
那|ㄋㄚˇ|variant of 哪[na3].
那|ㄋㄚˋ|that; those; then (in that case); commonly pr. [nei4] before a classifier, esp. in Beijing.
那|ㄋㄨㄛˊ|(archaic) many; beautiful; how; old variant of 挪[nuo2].
萬|ㄨㄢˋ|surname Wan.
萬|ㄨㄢˋ|ten thousand; a great number.
名字|ㄇㄧㄥˊ ㄗ˙|name (of a person or thing); CL:個/个[ge4].
明星|ㄇㄧㄥˊ ㄒㄧㄥ|star; celebrity.
明天|ㄇㄧㄥˊ ㄊㄧㄢ|tomorrow.
明年|ㄇㄧㄥˊ ㄋㄧㄢˊ|next year.
明白|ㄇㄧㄥˊ ㄅㄞ˙|clear; obvious; unequivocal; to understand; to realize.
明|ㄇㄧㄥˊ|Ming Dynasty (1368-1644); surname Ming; Ming (c. 2000 BC), fourth of the legendary Flame Emperors, 炎帝[Yan2 di4] descended from Shennong 神農/神农[Shen2 nong2] Farmer God.
明|ㄇㄧㄥˊ|bright; opposite: dark 暗[an4]; (of meaning) clear; to understand; next; public or open; wise; generic term for a sacrifice to the gods.
秒|ㄇㄧㄠˇ|second (unit of time); arc second (angular measurement unit); (coll.) instantly.
麵條|ㄇㄧㄢˋ ㄊㄧㄠˊ|noodles.
面試|ㄇㄧㄢˋ ㄕˋ|to be interviewed (as a candidate); interview.
免費|ㄇㄧㄢˇ ㄈㄟˋ|free (of charge).
麵包|ㄇㄧㄢˋ ㄅㄠ|bread; CL:片[pian4],袋[dai4],塊/块[kuai4].
免|ㄇㄧㄢˇ|to excuse sb; to exempt; to remove or dismiss from office; to avoid; to avert; to escape; to be prohibited.
免|ㄨㄣˋ|old variant of 絻[wen4].
面|ㄇㄧㄢˋ|face; side; surface; aspect; top; classifier for objects with flat surfaces such as drums, mirrors, flags etc.
密碼|ㄇㄧˋ ㄇㄚˇ|secret code; ciphertext; password; PIN.
迷路|ㄇㄧˊ ㄌㄨˋ|to lose the way; lost; labyrinth; labyrinthus vestibularis (of the inner ear).
米飯|ㄇㄧˇ ㄈㄢˋ|(cooked) rice.
米|ㄇㄧˇ|surname Mi.
米|ㄇㄧˇ|rice; CL:粒[li4]; meter (classifier).
萌|ㄇㄥˊ|to sprout; to bud; to have a strong affection for (slang); adorable (loanword from Japanese 萌え moe, slang describing affection for a cute character).
悶|ㄇㄣ|stuffy; shut indoors; to smother; to cover tightly.
悶|ㄇㄣˋ|bored; depressed; melancholy; sealed; airtight; tightly closed.
門|ㄇㄣˊ|surname Men.
門|ㄇㄣˊ|gate; door; CL:扇[shan4]; gateway; doorway; CL:個/个[ge4]; opening; valve; switch; way to do something; knack; family; house; (religious) sect; school (of thought); class; category; phylum or division (taxonomy); classifier for large guns; classifier for lessons, subjects, branches of technology; (suffix) -gate (i.e. scandal; derived from Watergate).
美術|ㄇㄟˇ ㄕㄨˋ|art; fine arts; painting; CL:種/种[zhong3].
妹妹|ㄇㄟˋ ㄇㄟ˙|younger sister; young woman; CL:個/个[ge4].
美眉|ㄇㄟˇ ㄇㄟˊ|(coll.) pretty girl.
美國|ㄇㄟˇ ㄍㄨㄛˊ|United States; USA; US.
沒關係|ㄇㄟˊ ㄍㄨㄢ ㄒㄧ˙|it doesn't matter.
每|ㄇㄟˇ|each; every.
沒|ㄇㄟˊ|(negative prefix for verbs); have not; not.
沒|ㄇㄛˋ|drowned; to end; to die; to inundate.
帽子|ㄇㄠˋ ㄗ˙|hat; cap; (fig.) label; bad name; CL:頂/顶[ding3].
貓頭鷹|ㄇㄠ ㄊㄡˊ ㄧㄥ|owl.
毛|ㄇㄠˊ|surname Mao.
毛|ㄇㄠˊ|hair; feather; down; wool; mildew; mold; coarse or semifinished; young; raw; careless; unthinking; nervous; scared; (of currency) to devalue or depreciate; classifier for Chinese fractional monetary unit ( = 角[jiao3] , = one-tenth of a yuan or 10 fen 分[fen1]).
貓|ㄇㄠ|cat; CL:隻/只[zhi1]; (dialect) to hide oneself; (coll.) modem.
忙|ㄇㄤˊ|busy; hurriedly; to hurry; to rush.
漫遊|ㄇㄢˋ ㄧㄡˊ|to travel around; to roam; (mobile telephony) roaming.
滿意|ㄇㄢˇ ㄧˋ|satisfied; pleased; to one's satisfaction.
饅頭|ㄇㄢˊ ㄊㄡ˙|steamed roll; steamed bun; steamed bread; CL:個/个[ge4].
慢|ㄇㄢˋ|slow.
買單|ㄇㄞˇ ㄉㄢ|to pay the restaurant bill.
買|ㄇㄞˇ|to buy; to purchase.
賣|ㄇㄞˋ|to sell; to betray; to spare no effort; to show off or flaunt.
馬上|ㄇㄚˇ ㄕㄤˋ|at once; right away; immediately; on horseback (i.e. by military force).
媽媽|ㄇㄚ ㄇㄚ˙|mama; mommy; mother; CL:個/个[ge4],位[wei4].
馬路|ㄇㄚˇ ㄌㄨˋ|street; road; CL:條/条[tiao2].
麻將|ㄇㄚˊ ㄐㄧㄤˋ|mahjong; CL:副[fu4].
麻煩|ㄇㄚˊ ㄈㄢ˙|trouble; inconvenience; inconvenient; troublesome; annoying; to bother sb; to put sb to trouble.
馬|ㄇㄚˇ|surname Ma; abbr. for Malaysia 馬來西亞/马来西亚[Ma3 lai2 xi1 ya4].
馬|ㄇㄚˇ|horse; CL:匹[pi3]; horse or cavalry piece in Chinese chess; knight in Western chess.
嗎|ㄇㄚˊ|(coll.) what?.
嗎|ㄇㄚˇ|used in 嗎啡/吗啡[ma3 fei1].
嗎|ㄇㄚ˙|"(question particle for ""yes-no"" questions)."
倫敦|ㄌㄨㄣˊ ㄉㄨㄣ|London, capital of United Kingdom.
旅遊|ㄌㄩˇ ㄧㄡˊ|trip; journey; tourism; travel; tour; to travel.
律師|ㄌㄩˋ ㄕ|lawyer.
路|ㄌㄨˋ|surname Lu.
路|ㄌㄨˋ|road; CL:條/条[tiao2]; journey; route; line (bus etc); sort; kind.
綠|ㄌㄩˋ|green; (slang) (derived from 綠帽子/绿帽子[lu:4 mao4 zi5]) to cheat on (one's spouse or boyfriend or girlfriend).
樓|ㄌㄡˊ|surname Lou.
樓|ㄌㄡˊ|house with more than 1 story; storied building; floor; CL:層/层[ceng2],座[zuo4],棟/栋[dong4].
龍舟|ㄌㄨㄥˊ ㄓㄡ|dragon boat; imperial boat.
留學|ㄌㄧㄡˊ ㄒㄩㄝˊ|to study abroad.
流利|ㄌㄧㄡˊ ㄌㄧˋ|fluent.
留|ㄌㄧㄡˊ|to leave (a message etc); to retain; to stay; to remain; to keep; to preserve.
六|ㄌㄧㄡˋ|six; 6.
零|ㄌㄧㄥˊ|zero; nought; zero sign; fractional; fragmentary; odd (of numbers); (placed between two numbers to indicate a smaller quantity followed by a larger one); fraction; (in mathematics) remainder (after division); extra; to wither and fall; to wither.
鄰居|ㄌㄧㄣˊ ㄐㄩ|neighbor; next door; CL:個/个[ge4].
聊天|ㄌㄧㄠˊ ㄊㄧㄢ|to chat; to gossip.
瞭解|ㄌㄧㄠˇ ㄐㄧㄝˇ|to understand; to realize; to find out.
了|ㄌㄜ˙|(completed action marker); (modal particle indicating change of state, situation now); (modal particle intensifying preceding clause).
了|ㄌㄧㄠˇ|to finish; to achieve; variant of 瞭/了[liao3]; to understand clearly.
涼快|ㄌㄧㄤˊ ㄎㄨㄞ˙|nice and cold; pleasantly cool.
輛|ㄌㄧㄤˋ|classifier for vehicles.
兩|ㄌㄧㄤˇ|two; both; some; a few; tael, unit of weight equal to 50 grams (modern) or 1⁄16 of a catty 斤[jin1] (old).
練習|ㄌㄧㄢˋ ㄒㄧˊ|to practice; exercise; drill; practice; CL:個/个[ge4].
聯繫|ㄌㄧㄢˊ ㄒㄧˋ|connection; contact; relation; to get in touch with; to integrate; to link; to touch.
臉|ㄌㄧㄢˇ|face; CL:張/张[zhang1],個/个[ge4].
禮物|ㄌㄧˇ ㄨˋ|gift; present; CL:件[jian4],個/个[ge4],份[fen4].
歷史|ㄌㄧˋ ㄕˇ|history; CL:門/门[men2],段[duan4].
裡面|ㄌㄧˇ ㄇㄧㄢˋ|inside; interior; also pr. [li3 mian5].
里|ㄌㄧˇ|Li (surname).
里|ㄌㄧˇ|li, ancient measure of length, approx. 500 m; neighborhood; ancient administrative unit of 25 families; (Tw) borough, administrative unit between the township 鎮/镇[zhen4] and neighborhood 鄰/邻[lin2] levels.
李|ㄌㄧˇ|surname Li.
李|ㄌㄧˇ|plum.
冷|ㄌㄥˇ|surname Leng.
冷|ㄌㄥˇ|cold.
累|ㄌㄟˇ|to accumulate; to involve or implicate (Taiwan pr. [lei4]); continuous; repeated.
累|ㄌㄟˋ|tired; weary; to strain; to wear out; to work hard.
老師|ㄌㄠˇ ㄕ|teacher; CL:個/个[ge4],位[wei4].
老闆|ㄌㄠˇ ㄅㄢˇ|Robam (brand).
老闆|ㄌㄠˇ ㄅㄢˇ|boss; business proprietor; CL:個/个[ge4].
老|ㄌㄠˇ|prefix used before the surname of a person or a numeral indicating the order of birth of the children in a family or to indicate affection or familiarity; old (of people); venerable (person); experienced; of long standing; always; all the time; of the past; very; outdated; (of meat etc) tough.
浪漫|ㄌㄤˋ ㄇㄢˋ|romantic.
籃球|ㄌㄢˊ ㄑㄧㄡˊ|basketball; CL:個/个[ge4],隻/只[zhi1].
藍|ㄌㄢˊ|surname Lan.
藍|ㄌㄢˊ|blue; indigo plant.
懶|ㄌㄢˇ|lazy.
來|ㄌㄞˊ|to come; to arrive; to come round; ever since; next.
拉麵|ㄌㄚ ㄇㄧㄢˋ|pulled noodles; ramen.
垃圾|ㄌㄚ ㄐㄧ|trash; refuse; garbage; (coll.) of poor quality; Taiwan pr. [le4 se4].
辣|ㄌㄚˋ|hot (spicy); pungent; (of chili pepper, raw onions etc) to sting; to burn.
筷子|ㄎㄨㄞˋ ㄗ˙|chopsticks; CL:對/对[dui4],根[gen1],把[ba3],雙/双[shuang1].
快樂|ㄎㄨㄞˋ ㄌㄜˋ|happy; merry.
快|ㄎㄨㄞˋ|rapid; quick; speed; rate; soon; almost; to make haste; clever; sharp (of knives or wits); forthright; plainspoken; gratified; pleased; pleasant.
塊|ㄎㄨㄞˋ|lump (of earth); chunk; piece; classifier for pieces of cloth, cake, soap etc; (coll.) classifier for money and currency units.
褲子|ㄎㄨˋ ㄗ˙|trousers; pants; CL:條/条[tiao2].
苦|ㄎㄨˇ|bitter; hardship; pain; to suffer; to bring suffering to; painstakingly.
哭|ㄎㄨ|to cry; to weep.
空調|ㄎㄨㄥ ㄊㄧㄠˊ|air conditioning; air conditioner (including units that have a heating mode); CL:臺/台[tai2].
空|ㄎㄨㄥ|empty; air; sky; in vain.
空|ㄎㄨㄥˋ|to empty; vacant; unoccupied; space; leisure; free time.
可以|ㄎㄜˇ ㄧˇ|can; may; possible; able to; not bad; pretty good.
科學|ㄎㄜ ㄒㄩㄝˊ|science; scientific knowledge; scientific; rational; CL:門/门[men2],個/个[ge4],種/种[zhong3].
客廳|ㄎㄜˋ ㄊㄧㄥ|drawing room (room for arriving guests); living room; CL:間/间[jian1].
咳嗽|ㄎㄜˊ ㄙㄡ˙|to cough; CL:陣/阵[zhen4].
客人|ㄎㄜˋ ㄖㄣˊ|visitor; guest; customer; client; CL:位[wei4].
可怕|ㄎㄜˇ ㄆㄚˋ|awful; dreadful; fearful; formidable; frightful; scary; hideous; horrible; terrible; terribly.
可能|ㄎㄜˇ ㄋㄥˊ|might (happen); possible; probable; possibility; probability; maybe; perhaps; CL:個/个[ge4].
可愛|ㄎㄜˇ ㄞˋ|adorable; cute; lovely.
課|ㄎㄜˋ|subject; course; CL:門/门[men2]; class; lesson; CL:堂[tang2],節/节[jie2]; to levy; tax; form of divination.
渴|ㄎㄜˇ|thirsty.
刻|ㄎㄜˋ|quarter (hour); moment; to carve; to engrave; to cut; oppressive; classifier for short time intervals.
考試|ㄎㄠˇ ㄕˋ|to take an exam; exam; CL:次[ci4].
考|ㄎㄠˇ|to check; to verify; to test; to examine; to take an exam; to take an entrance exam for; deceased father.
靠|ㄎㄠˋ|to lean against or on; to stand by the side of; to come near to; to depend on; to trust; to fuck (vulgar); traditional military costume drama where the performers wear armor (old).
看起來|ㄎㄢˋ ㄑㄧˇ ㄌㄞ˙|seemingly; apparently; looks as if; appear to be; gives the impression that; seems on the face of it to be.
看|ㄎㄢ|to look after; to take care of; to watch; to guard.
看|ㄎㄢˋ|to see; to look at; to read; to watch; to visit; to call on; to consider; to regard as; to look after; to treat (an illness); to depend on; to feel (that); (after verb) to give it a try; Watch out! (for a danger).
開始|ㄎㄞ ㄕˇ|to begin; beginning; to start; initial; CL:個/个[ge4].
開會|ㄎㄞ ㄏㄨㄟˋ|to hold a meeting; to attend a meeting.
開車|ㄎㄞ ㄔㄜ|to drive a car.
開|ㄎㄞ|to open; to start; to turn on; to boil; to write out (a prescription, check, invoice etc); to operate (a vehicle); carat (gold); abbr. for Kelvin, 開爾文/开尔文[Kai1 er3 wen2]; abbr. for 開本/开本[kai1 ben3], book format.
咖啡館|ㄎㄚ ㄈㄟ ㄍㄨㄢˇ|café; coffee shop; CL:家[jia1].
咖啡|ㄎㄚ ㄈㄟ|coffee (loanword); CL:杯[bei1].
決定|ㄐㄩㄝˊ ㄉㄧㄥˋ|to decide (to do something); to resolve; decision; CL:個/个[ge4],項/项[xiang4]; certainly.
覺得|ㄐㄩㄝˊ ㄉㄜ˙|to think; to feel.
句子|ㄐㄩˋ ㄗ˙|sentence; CL:個/个[ge4].
櫃台|ㄍㄨㄟˋ ㄊㄞˊ|variant of 櫃檯/柜台[gui4 tai2].
聚會|ㄐㄩˋ ㄏㄨㄟˋ|party; gathering; to meet; to get together.
救命|ㄐㄧㄡˋ ㄇㄧㄥˋ|to save sb's life; (interj.) Help!; Save me!.
救護車|ㄐㄧㄡˋ ㄏㄨˋ ㄔㄜ|ambulance; CL:輛/辆[liang4].
酒店|ㄐㄧㄡˇ ㄉㄧㄢˋ|wine shop; pub (public house); hotel; restaurant; (Tw) hostess club.
舊|ㄐㄧㄡˋ|old; opposite: new 新; former; worn (with age).
酒|ㄐㄧㄡˇ|wine (esp. rice wine); liquor; spirits; alcoholic beverage; CL:杯[bei1],瓶[ping2],罐[guan4],桶[tong3],缸[gang1].
久|ㄐㄧㄡˇ|(long) time; (long) duration of time.
九|ㄐㄧㄡˇ|nine; 9.
就|ㄐㄧㄡˋ|at once; right away; only; just (emphasis); as early as; already; as soon as; then; in that case; as many as; even if; to approach; to move towards; to undertake; to engage in; to suffer; subjected to; to accomplish; to take advantage of; to go with (of foods); with regard to; concerning.
囧|ㄐㄩㄥˇ|(archaic) light, bright (variant of 冏[jiong3]); (since c. 2005) (slang) emoticon signifying embarrassment, shock, helplessness etc.
經理|ㄐㄧㄥ ㄌㄧˇ|manager; director; CL:個/个[ge4],位[wei4],名[ming2].
經過|ㄐㄧㄥ ㄍㄨㄛˋ|to pass; to go through; process; course; CL:個/个[ge4].
經常|ㄐㄧㄥ ㄔㄤˊ|frequently; constantly; regularly; often; day-to-day; everyday; daily.
警察|ㄐㄧㄥˇ ㄔㄚˊ|police; police officer; CL:個/个[ge4].
緊張|ㄐㄧㄣˇ ㄓㄤ|nervous; keyed up; intense; tense; strained; in short supply; scarce; CL:陣/阵[zhen4].
今天|ㄐㄧㄣ ㄊㄧㄢ|today; at the present; now.
今年|ㄐㄧㄣ ㄋㄧㄢˊ|this year.
盡快|ㄐㄧㄣˋ ㄎㄨㄞˋ|see 儘快/尽快[jin3 kuai4].
近|ㄐㄧㄣˋ|near; close to; approximately.
進|ㄐㄧㄣˋ|to go forward; to advance; to go in; to enter; to put in; to submit; to take in; to admit; (math.) base of a number system; classifier for sections in a building or residential compound.
結束|ㄐㄧㄝˊ ㄕㄨˋ|termination; to finish; to end; to conclude; to close.
介紹|ㄐㄧㄝˋ ㄕㄠˋ|to introduce (sb to sb); to give a presentation; to present (sb for a job etc); introduction.
節日|ㄐㄧㄝˊ ㄖˋ|holiday; festival; CL:個/个[ge4].
節目|ㄐㄧㄝˊ ㄇㄨˋ|program; item (on a program); CL:臺/台[tai2],個/个[ge4],套[tao4].
解決|ㄐㄧㄝˇ ㄐㄩㄝˊ|to settle (a dispute); to resolve; to solve; to dispose of; to dispatch.
姐姐|ㄐㄧㄝˇ ㄐㄧㄝ˙|older sister; CL:個/个[ge4].
結婚|ㄐㄧㄝˊ ㄏㄨㄣ|to marry; to get married; CL:次[ci4].
街道|ㄐㄧㄝ ㄉㄠˋ|street; CL:條/条[tiao2]; subdistrict; residential district.
借|ㄐㄧㄝˋ|to lend; to borrow; by means of; to take (an opportunity).
接|ㄐㄧㄝ|to receive; to answer (the phone); to meet or welcome sb; to connect; to catch; to join; to extend; to take one's turn on duty; to take over for sb.
餃子|ㄐㄧㄠˇ ㄗ˙|dumpling; pot-sticker; CL:個/个[ge4],隻/只[zhi1].
教室|ㄐㄧㄠˋ ㄕˋ|classroom; CL:間/间[jian1].
角|ㄐㄩㄝˊ|surname Jue.
角|ㄐㄧㄠˇ|angle; corner; horn; horn-shaped; unit of money equal to 0.1 yuan, or 10 cents (a dime); CL:個/个[ge4].
角|ㄐㄩㄝˊ|role (theater); to compete; ancient three legged wine vessel; third note of pentatonic scale.
教|ㄐㄧㄠˋ|surname Jiao.
教|ㄐㄧㄠ|to teach.
教|ㄐㄧㄠˋ|religion; teaching; to make; to cause; to tell.
腳|ㄐㄧㄠˇ|foot; leg (of an animal or an object); base (of an object); CL:雙/双[shuang1],隻/只[zhi1]; classifier for kicks.
腳|ㄐㄩㄝˊ|variant of 角[jue2]; role.
叫|ㄐㄧㄠˋ|to shout; to call; to order; to ask; to be called; by (indicates agent in the passive mood).
獎金|ㄐㄧㄤˇ ㄐㄧㄣ|premium; award money; bonus.
講|ㄐㄧㄤˇ|to speak; to explain; to negotiate; to emphasize; to be particular about; as far as sth is concerned; speech; lecture.
見面|ㄐㄧㄢˋ ㄇㄧㄢˋ|to meet; to see each other; CL:次[ci4].
健康|ㄐㄧㄢˋ ㄎㄤ|health; healthy.
簡單|ㄐㄧㄢˇ ㄉㄢ|simple; not complicated.
檢查|ㄐㄧㄢˇ ㄔㄚˊ|inspection; to examine; to inspect; CL:次[ci4].
見|ㄐㄧㄢˋ|to see; to meet; to appear (to be sth); to interview; opinion; view.
見|ㄒㄧㄢˋ|to appear; also written 現/现[xian4].
件|ㄐㄧㄢˋ|item; component; classifier for events, things, clothes etc.
加油|ㄐㄧㄚ ㄧㄡˊ|to add oil; to top up with gas; to refuel; to accelerate; to step on the gas; (fig.) to make an extra effort; to cheer sb on.
家人|ㄐㄧㄚ ㄖㄣˊ|household; (one's) family.
加拿大|ㄐㄧㄚ ㄋㄚˊ ㄉㄚˋ|Canada; Canadian.
加班|ㄐㄧㄚ ㄅㄢ|to work overtime.
加|ㄐㄧㄚ|abbr. for Canada 加拿大[Jia1 na2 da4]; surname Jia.
加|ㄐㄧㄚ|to add; plus; (used after an adverb such as 不, 大, 稍 etc, and before a disyllabic verb, to indicate that the action of the verb is applied to sth or sb previously mentioned); to apply (restrictions etc) to (sb); to give (support, consideration etc) to (sth).
家|ㄐㄧㄚ|home; family; (polite) my (sister, uncle etc); classifier for families or businesses; refers to the philosophical schools of pre-Han China; noun suffix for a specialist in some activity, such as a musician or revolutionary, corresponding to English -ist, -er, -ary or -ian; CL:個/个[ge4].
雞肉|ㄐㄧ ㄖㄡˋ|chicken meat.
機票|ㄐㄧ ㄆㄧㄠˋ|air ticket; passenger ticket; CL:張/张[zhang1].
季節|ㄐㄧˋ ㄐㄧㄝˊ|time; season; period; CL:個/个[ge4].
機會|ㄐㄧ ㄏㄨㄟˋ|opportunity; chance; occasion; CL:個/个[ge4].
幾乎|ㄐㄧ ㄏㄨ|almost; nearly; practically.
記得|ㄐㄧˋ ㄉㄜ˙|to remember.
雞蛋|ㄐㄧ ㄉㄢˋ|(chicken) egg; hen's egg; CL:個/个[ge4],打[da2].
機場|ㄐㄧ ㄔㄤˇ|airport; airfield; (slang) service provider for Shadowsocks or similar software for circumventing Internet censorship; CL:家[jia1],處/处[chu4].
極|ㄐㄧˊ|extremely; pole (geography, physics); utmost; top.
幾|ㄐㄧ|almost.
幾|ㄐㄧˇ|how much; how many; several; a few.
或者|ㄏㄨㄛˋ ㄓㄜˇ|or; possibly; maybe; perhaps.
火鍋|ㄏㄨㄛˇ ㄍㄨㄛ|hotpot.
活動|ㄏㄨㄛˊ ㄉㄨㄥˋ|to exercise; to move about; to operate; to use connections (personal influence); loose; shaky; active; movable; activity; campaign; maneuver; behavior; CL:項/项[xiang4],個/个[ge4].
火車|ㄏㄨㄛˇ ㄔㄜ|train; CL:列[lie4],節/节[jie2],班[ban1],趟[tang4].
會議|ㄏㄨㄟˋ ㄧˋ|meeting; conference; CL:場/场[chang3],屆/届[jie4].
回復|ㄏㄨㄟˊ ㄈㄨˋ|to reply; to recover; to return (to a previous condition); Re: in reply to (email).
回答|ㄏㄨㄟˊ ㄉㄚˊ|to reply; to answer; reply; answer.
彙報|ㄏㄨㄟˋ ㄅㄠˋ|to report; to give an account of; report.
回|ㄏㄨㄟˊ|to circle; to go back; to turn around; to answer; to return; to revolve; Hui ethnic group (Chinese Muslims); time; classifier for acts of a play; section or chapter (of a classic book).
會|ㄏㄨㄟˋ|can (i.e. have the skill, know how to); likely to; sure to; to meet; to get together; meeting; gathering; union; group; association; a moment (Taiwan pr. for this sense is [hui3]).
會|ㄎㄨㄞˋ|to balance an account; accountancy; accounting.
黃河|ㄏㄨㄤˊ ㄏㄜˊ|Yellow River or Huang He.
黃|ㄏㄨㄤˊ|surname Huang or Hwang.
黃|ㄏㄨㄤˊ|yellow; pornographic; to fall through.
歡迎|ㄏㄨㄢ ㄧㄥˊ|to welcome; welcome.
還是|ㄏㄞˊ ㄕ˙|or; still; nevertheless; had better.
換錢|ㄏㄨㄢˋ ㄑㄧㄢˊ|to change money; to sell.
環境|ㄏㄨㄢˊ ㄐㄧㄥˋ|environment; circumstances; surroundings; CL:個/个[ge4]; ambient.
還|ㄏㄨㄢˊ|surname Huan.
還|ㄏㄞˊ|still; still in progress; still more; yet; even more; in addition; fairly; passably (good); as early as; even; also; else.
還|ㄏㄨㄢˊ|to pay back; to return.
換|ㄏㄨㄢˋ|to exchange; to change (clothes etc); to substitute; to switch; to convert (currency).
花|ㄏㄨㄚ|surname Hua.
花|ㄏㄨㄚ|flower; blossom; CL:朵[duo3],支[zhi1],束[shu4],把[ba3],盆[pen2],簇[cu4]; fancy pattern; florid; to spend (money, time); (coll.) lecherous; lustful.
畫|ㄏㄨㄚˋ|to draw; picture; painting; CL:幅[fu2],張/张[zhang1]; classifier for paintings etc; variant of 劃/划[hua4].
划|ㄏㄨㄚˊ|to row; to paddle; profitable; worth (the effort); it pays (to do sth).
華|ㄏㄨㄚˊ|abbr. for China.
華|ㄏㄨㄚˋ|Mt Hua 華山/华山 in Shaanxi; surname Hua.
華|ㄏㄨㄚ|old variant of 花[hua1]; flower.
華|ㄏㄨㄚˊ|magnificent; splendid; flowery.
護照|ㄏㄨˋ ㄓㄠˋ|passport; CL:本[ben3],個/个[ge4].
後天|ㄏㄡˋ ㄊㄧㄢ|the day after tomorrow; life after birth (the period in which one develops through experiences, contrasted with 先天[xian1 tian1]); acquired (not innate or congenital); a posteriori.
後面|ㄏㄡˋ ㄇㄧㄢˋ|rear; back; behind; later; afterwards; also pr. [hou4 mian5].
後來|ㄏㄡˋ ㄌㄞˊ|afterwards; later.
後|ㄏㄡˋ|back; behind; rear; afterwards; after; later; post-.
紅綠燈|ㄏㄨㄥˊ ㄌㄩˋ ㄉㄥ|traffic light; traffic signal.
紅酒|ㄏㄨㄥˊ ㄐㄧㄡˇ|red wine.
紅包|ㄏㄨㄥˊ ㄅㄠ|money wrapped in red as a gift; bonus payment; kickback; bribe.
紅|ㄏㄨㄥˊ|surname Hong.
紅|ㄏㄨㄥˊ|red; popular; revolutionary; bonus.
很|ㄏㄣˇ|(adverb of degree); quite; very; awfully.
黑板|ㄏㄟ ㄅㄢˇ|blackboard; CL:塊/块[kuai4],個/个[ge4].
黑|ㄏㄟ|abbr. for Heilongjiang province 黑龍江/黑龙江[Hei1 long2 jiang1].
黑|ㄏㄟ|black; dark; sinister; secret; shady; illegal; to hide (sth) away; to vilify; (loanword) to hack (computing).
合作|ㄏㄜˊ ㄗㄨㄛˋ|to cooperate; to collaborate; to work together; cooperation; CL:個/个[ge4].
合同|ㄏㄜˊ ㄊㄨㄥ˙|(business) contract; CL:個/个[ge4].
和|ㄏㄜˊ|surname He; Japanese (food, clothes etc).
和|ㄏㄜˊ|"and; together with; with; sum; union; peace; harmony; Taiwan pr. [han4] when it means ""and"" or ""with""."
和|ㄏㄜˋ|to compose a poem in reply (to sb's poem) using the same rhyme sequence; to join in the singing; to chime in with others.
和|ㄏㄨˊ|to complete a set in mahjong or playing cards.
和|ㄏㄨㄛˊ|to combine a powdery substance (flour, plaster etc) with water; Taiwan pr. [huo4].
和|ㄏㄨㄛˋ|to mix (ingredients) together; to blend; classifier for rinses of clothes; classifier for boilings of medicinal herbs.
喝|ㄏㄜ|to drink; variant of 嗬[he1].
喝|ㄏㄜˋ|to shout.
好在|ㄏㄠˇ ㄗㄞˋ|luckily; fortunately.
好友|ㄏㄠˇ ㄧㄡˇ|close friend; pal; (social networking website) friend; CL:個/个[ge4].
好笑|ㄏㄠˇ ㄒㄧㄠˋ|laughable; funny; ridiculous.
號碼|ㄏㄠˋ ㄇㄚˇ|number; CL:堆[dui1],個/个[ge4].
好看|ㄏㄠˇ ㄎㄢˋ|good-looking; nice-looking; good (of a movie, book, TV show etc); embarrassed; humiliated.
好久不見|ㄏㄠˇ ㄐㄧㄡˇ ㄅㄨ˙ ㄐㄧㄢˋ|long time no see.
好喝|ㄏㄠˇ ㄏㄜ|tasty (drinks).
好吃|ㄏㄠˇ ㄔ|tasty; delicious.
好吃|ㄏㄠˋ ㄔ|to be fond of eating; to be gluttonous.
號|ㄏㄠˊ|roar; cry; CL:個/个[ge4].
號|ㄏㄠˋ|ordinal number; day of a month; mark; sign; business establishment; size; ship suffix; horn (wind instrument); bugle call; assumed name; to take a pulse; classifier used to indicate number of people.
好|ㄏㄠˇ|good; well; proper; good to; easy to; very; so; (suffix indicating completion or readiness); (of two people) close; on intimate terms; (after a personal pronoun) hello.
好|ㄏㄠˋ|to be fond of; to have a tendency to; to be prone to.
寒假|ㄏㄢˊ ㄐㄧㄚˋ|winter vacation.
韓國|ㄏㄢˊ ㄍㄨㄛˊ|South Korea (Republic of Korea); Han, one of the Seven Hero States of the Warring States 戰國七雄/战国七雄[zhan4 guo2 qi1 xiong2]; Korea from the fall of the Joseon dynasty in 1897.
孩子|ㄏㄞˊ ㄗ˙|child.
害怕|ㄏㄞˋ ㄆㄚˋ|to be afraid; to be scared.
海關|ㄏㄞˇ ㄍㄨㄢ|customs (i.e. border crossing inspection); CL:個/个[ge4].
海邊|ㄏㄞˇ ㄅㄧㄢ|coast; seaside; seashore; beach.
果汁|ㄍㄨㄛˇ ㄓ|fruit juice.
過去|ㄍㄨㄛˋ ㄑㄩˋ|(in the) past; former; previous; to go over; to pass by.
過去|ㄍㄨㄛˋ ㄑㄩ˙|(verb suffix).
國內|ㄍㄨㄛˊ ㄋㄟˋ|domestic; internal (to a country); civil.
國家|ㄍㄨㄛˊ ㄐㄧㄚ|country; nation; state; CL:個/个[ge4].
國際|ㄍㄨㄛˊ ㄐㄧˋ|international.
過|ㄍㄨㄛˋ|surname Guo.
過|ㄍㄨㄛˋ|to cross; to go over; to pass (time); to celebrate (a holiday); to live; to get along; excessively; too-.
過|ㄍㄨㄛ˙|(experienced action marker).
國|ㄍㄨㄛˊ|surname Guo.
國|ㄍㄨㄛˊ|country; nation; state; national; CL:個/个[ge4].
貴|ㄍㄨㄟˋ|expensive; noble; precious; (honorific) your.
關注|ㄍㄨㄢ ㄓㄨˋ|to pay attention to; to follow sth closely; to follow (on social media); concern; interest; attention.
關於|ㄍㄨㄢ ㄩˊ|pertaining to; concerning; with regard to; about; a matter of.
關心|ㄍㄨㄢ ㄒㄧㄣ|to be concerned about; to care about.
關係|ㄍㄨㄢ ㄒㄧ˙|relation; relationship; to concern; to affect; to have to do with; guanxi; CL:個/个[ge4].
觀光|ㄍㄨㄢ ㄍㄨㄤ|to tour; sightseeing; tourism.
關|ㄍㄨㄢ|surname Guan.
關|ㄍㄨㄢ|mountain pass; to close; to shut; to turn off; to confine; to lock (sb) up; to shut (sb in a room, a bird in a cage etc); to concern; to involve.
刮|ㄍㄨㄚ|to scrape; to blow; to shave; to plunder; to extort.
故事|ㄍㄨˋ ㄕˋ|old practice; CL:個/个[ge4].
故事|ㄍㄨˋ ㄕ˙|narrative; story; tale.
鼓勵|ㄍㄨˇ ㄌㄧˋ|to encourage.
故宮|ㄍㄨˋ ㄍㄨㄥ|the Forbidden City; abbr. for 故宮博物院/故宫博物院[Gu4 gong1 Bo2 wu4 yuan4].
故宮|ㄍㄨˋ ㄍㄨㄥ|former imperial palace.
狗|ㄍㄡˇ|dog; CL:隻/只[zhi1],條/条[tiao2].
工作|ㄍㄨㄥ ㄗㄨㄛˋ|to work; (of a machine) to operate; job; work; task; CL:個/个[ge4],份[fen4],項/项[xiang4].
工資|ㄍㄨㄥ ㄗ|wages; pay; CL:個/个[ge4],份[fen4],月[yue4].
公園|ㄍㄨㄥ ㄩㄢˊ|park (for public recreation); CL:個/个[ge4],座[zuo4].
恭喜|ㄍㄨㄥ ㄒㄧˇ|congratulations; greetings.
公司|ㄍㄨㄥ ㄙ|(business) company; company; firm; corporation; incorporated; CL:家[jia1].
公斤|ㄍㄨㄥ ㄐㄧㄣ|kilogram (kg).
公共|ㄍㄨㄥ ㄍㄨㄥˋ|public; common; communal.
功夫|ㄍㄨㄥ ㄈㄨ˙|skill; art; kung fu; labor; effort.
宮保雞丁|ㄍㄨㄥ ㄅㄠˇ ㄐㄧ ㄉㄧㄥ|Kung Pao Chicken; spicy diced chicken.
更|ㄍㄥ|to change or replace; to experience; one of the five two-hour periods into which the night was formerly divided; watch (e.g. of a sentry or guard).
更|ㄍㄥˋ|more; even more; further; still; still more.
根據|ㄍㄣ ㄐㄩˋ|according to; based on; basis; foundation; CL:個/个[ge4].
跟|ㄍㄣ|heel; to follow closely; to go with; (of a woman) to marry sb; with; compared with; to; towards; and (joining two nouns).
給|ㄍㄟˇ|to; for; for the benefit of; to give; to allow; to do sth (for sb); (grammatical equivalent of 被); (grammatical equivalent of 把); (sentence intensifier).
給|ㄐㄧˇ|to supply; to provide.
個子|ㄍㄜˋ ㄗ˙|height; stature; build; size.
哥哥|ㄍㄜ ㄍㄜ˙|older brother; CL:個/个[ge4],位[wei4].
歌|ㄍㄜ|song; CL:支[zhi1],首[shou3]; to sing.
個|ㄍㄜˇ|used in 自個兒/自个儿[zi4 ge3 r5].
個|ㄍㄜˋ|individual; this; that; size; classifier for people or objects in general.
高中|ㄍㄠ ㄓㄨㄥ|senior high school; abbr. for 高級中學/高级中学[gao1 ji2 zhong1 xue2].
高中|ㄍㄠ ㄓㄨㄥˋ|to pass brilliantly (used in congratulatory fashion).
高興|ㄍㄠ ㄒㄧㄥˋ|happy; glad; willing (to do sth); in a cheerful mood.
告訴|ㄍㄠˋ ㄙㄨˋ|to press charges; to file a complaint.
告訴|ㄍㄠˋ ㄙㄨ˙|to tell; to inform; to let know.
高富帥|ㄍㄠ ㄈㄨˋ ㄕㄨㄞˋ|Mr Perfect (i.e. tall, rich and handsome) (Internet slang).
高|ㄍㄠ|surname Gao.
高|ㄍㄠ|high; tall; above average; loud; your (honorific).
剛才|ㄍㄤ ㄘㄞˊ|just now; a moment ago.
剛|ㄍㄤ|hard; firm; strong; just; barely; exactly.
乾燥|ㄍㄢ ㄗㄠˋ|to dry (of weather, paint, cement etc); desiccation; dull; uninteresting; arid.
感興趣|ㄍㄢˇ ㄒㄧㄥˋ ㄑㄩˋ|to be interested.
感謝|ㄍㄢˇ ㄒㄧㄝˋ|(express) thanks; gratitude; grateful; thankful; thanks.
感冒|ㄍㄢˇ ㄇㄠˋ|to catch cold; (common) cold; CL:場/场[chang2],次[ci4]; (coll.) to be interested in (often used in the negative); (Tw) to detest; can't stand.
乾淨|ㄍㄢ ㄐㄧㄥˋ|clean; neat.
乾杯|ㄍㄢ ㄅㄟ|to drink a toast; Cheers! (proposing a toast); Here's to you!; Bottoms up!; lit. dry cup.
乾|ㄑㄧㄢˊ|surname Qian.
乾|ㄑㄧㄢˊ|one of the Eight Trigrams 八卦[ba1 gua4], symbolizing heaven; male principle; ☰; ancient Chinese compass point: 315° (northwest).
乾|ㄍㄢ|surname Gan.
乾|ㄍㄢ|dry; clean; in vain; dried food; foster; adoptive; to ignore.
復習|ㄈㄨˋ ㄒㄧˊ|to review; revision; CL:次[ci4].
服務員|ㄈㄨˊ ㄨˋ ㄩㄢˊ|waiter; waitress; attendant; customer service personnel; CL:個/个[ge4],位[wei4].
父母|ㄈㄨˋ ㄇㄨˇ|father and mother; parents.
附近|ㄈㄨˋ ㄐㄧㄣˋ|(in the) vicinity; nearby; neighboring; next to.
風險|ㄈㄥ ㄒㄧㄢˇ|risk; hazard.
風景|ㄈㄥ ㄐㄧㄥˇ|scenery; landscape; CL:個/个[ge4].
風|ㄈㄥ|wind; news; style; custom; manner; CL:陣/阵[zhen4],絲/丝[si1].
分鐘|ㄈㄣ ㄓㄨㄥ|minute.
分享|ㄈㄣ ㄒㄧㄤˇ|to share (let others have some of sth good).
粉絲|ㄈㄣˇ ㄙ|bean vermicelli; mung bean starch noodles; Chinese vermicelli; cellophane noodles; CL:把[ba3]; fan (loanword); enthusiast for sb or sth.
分手|ㄈㄣ ㄕㄡˇ|to part company; to split up; to break up.
分|ㄈㄣ|to divide; to separate; to distribute; to allocate; to distinguish (good and bad); part or subdivision; fraction; one tenth (of certain units); unit of length equivalent to 0.33 cm; minute (unit of time); minute (angular measurement unit); a point (in sports or games); 0.01 yuan (unit of money).
分|ㄈㄣˋ|part; share; ingredient; component.
費用|ㄈㄟˋ ㄩㄥˋ|cost; expenditure; expense; CL:筆/笔[bi3],個/个[ge4].
飛機|ㄈㄟ ㄐㄧ|airplane; CL:架[jia4].
非常|ㄈㄟ ㄔㄤˊ|very; very much; unusual; extraordinary.
放學|ㄈㄤˋ ㄒㄩㄝˊ|to dismiss students at the end of the school day.
放心|ㄈㄤˋ ㄒㄧㄣ|to feel relieved; to feel reassured; to be at ease.
放鬆|ㄈㄤˋ ㄙㄨㄥ|to loosen; to relax.
放棄|ㄈㄤˋ ㄑㄧˋ|to renounce; to abandon; to give up.
房間|ㄈㄤˊ ㄐㄧㄢ|room; CL:間/间[jian1],個/个[ge4].
放假|ㄈㄤˋ ㄐㄧㄚˋ|to have a holiday or vacation.
方便|ㄈㄤ ㄅㄧㄢˋ|convenient; suitable; to facilitate; to make things easy; having money to spare; (euphemism) to relieve oneself.
放|ㄈㄤˋ|to put; to place; to release; to free; to let go; to let out; to set off (fireworks).
翻譯|ㄈㄢ ㄧˋ|to translate; to interpret; translator; interpreter; translation; interpretation; CL:個/个[ge4],位[wei4],名[ming2].
飯館|ㄈㄢˋ ㄍㄨㄢˇ|restaurant; CL:家[jia1].
飯|ㄈㄢˋ|cooked rice; CL:碗[wan3]; meal; CL:頓/顿[dun4]; (loanword) fan; devotee.
發現|ㄈㄚ ㄒㄧㄢˋ|to find; to discover.
發生|ㄈㄚ ㄕㄥ|to happen; to occur; to take place; to break out.
發燒|ㄈㄚ ㄕㄠ|to have a high temperature (from illness); to have a fever.
法國|ㄈㄚˇ ㄍㄨㄛˊ|France; French.
發財|ㄈㄚ ㄘㄞˊ|to get rich.
發|ㄈㄚ|to send out; to show (one's feeling); to issue; to develop; to make a bundle of money; classifier for gunshots (rounds).
兒子|ㄦˊ ㄗ˙|son.
而且|ㄦˊ ㄑㄧㄝˇ|(not only ...) but also; moreover; in addition; furthermore.
耳朵|ㄦˇ ㄉㄨㄛ˙|ear; CL:隻/只[zhi1],個/个[ge4],對/对[dui4]; handle (on a cup).
二|ㄦˋ|two; 2; (Beijing dialect) stupid.
餓|ㄜˋ|to be hungry; hungry; to starve (sb).
多麼|ㄉㄨㄛ ㄇㄜ˙|how (wonderful etc); what (a great idea etc); however (difficult it may be etc); (in interrogative sentences) how (much etc); to what extent.
多少|ㄉㄨㄛ ㄕㄠˇ|number; amount; somewhat.
多少|ㄉㄨㄛ ㄕㄠ˙|how much?; how many?; (phone number, student ID etc) what number?.
多|ㄉㄨㄛ|"many; much; often; a lot of; numerous; more; in excess; how (to what extent); multi-; Taiwan pr. [duo2] when it means ""how""."
對不起|ㄉㄨㄟˋ ㄅㄨ˙ ㄑㄧˇ|I'm sorry; excuse me; I beg your pardon; to let (sb) down; to disappoint.
對|ㄉㄨㄟˋ|right; correct; couple; pair; towards; at; for; to face; opposite; to treat (sb a certain way); to match together; to adjust; to fit; to suit; to answer; to reply; classifier: couple.
短信|ㄉㄨㄢˇ ㄒㄧㄣˋ|text message; SMS.
端午節|ㄉㄨㄢ ㄨˇ ㄐㄧㄝˊ|Dragon Boat Festival (5th day of the 5th lunar month).
鍛鍊|ㄉㄨㄢˋ ㄌㄧㄢˋ|to toughen; to temper; to engage in physical exercise; to work out; (fig.) to develop one's skills; to train oneself.
段|ㄉㄨㄢˋ|surname Duan.
段|ㄉㄨㄢˋ|paragraph; section; segment; stage (of a process); classifier for stories, periods of time, lengths of thread etc.
短|ㄉㄨㄢˇ|short; brief; to lack; weak point; fault.
肚子|ㄉㄨˋ ㄗ˙|belly; abdomen; stomach; CL:個/个[ge4].
堵車|ㄉㄨˇ ㄔㄜ|traffic jam; (of traffic) to get congested.
讀|ㄉㄡˋ|comma; phrase marked by pause.
讀|ㄉㄨˊ|to read; to study; reading of word (i.e. pronunciation), similar to 拼音[pin1 yin1].
都|ㄉㄨ|surname Du.
都|ㄉㄡ|all; both; entirely; (used for emphasis) even; already; (not) at all.
都|ㄉㄨ|capital city; metropolis.
度|ㄉㄨˋ|to pass; to spend (time); measure; limit; extent; degree of intensity; degree (angles, temperature etc); kilowatt-hour; classifier for events and occurrences.
度|ㄉㄨㄛˊ|to estimate; Taiwan pr. [duo4].
豆漿|ㄉㄡˋ ㄐㄧㄤ|soy milk.
豆花|ㄉㄡˋ ㄏㄨㄚ|jellied tofu; soft bean curd.
東西|ㄉㄨㄥ ㄒㄧ|east and west.
東西|ㄉㄨㄥ ㄒㄧ˙|thing; stuff; person; CL:個/个[ge4],件[jian4].
動物|ㄉㄨㄥˋ ㄨˋ|animal; CL:隻/只[zhi1],群[qun2],個/个[ge4].
東邊|ㄉㄨㄥ ㄅㄧㄢ˙|east; east side; eastern part; to the east of.
懂|ㄉㄨㄥˇ|to understand; to comprehend.
冬|ㄉㄨㄥ|winter.
丟|ㄉㄧㄡ|to lose; to put aside; to throw.
訂位|ㄉㄧㄥˋ ㄨㄟˋ|to reserve a seat; to book a table; reservation.
訂房|ㄉㄧㄥˋ ㄈㄤˊ|to reserve a room.
電子郵件|ㄉㄧㄢˋ ㄗˇ ㄧㄡˊ ㄐㄧㄢˋ|email; CL:封[feng1],份[fen4].
電影|ㄉㄧㄢˋ ㄧㄥˇ|movie; film; CL:部[bu4],片[pian4],幕[mu4],場/场[chang3].
點心|ㄉㄧㄢˇ ㄒㄧㄣ˙|light refreshments; pastry; dim sum (in Cantonese cooking); dessert.
電梯|ㄉㄧㄢˋ ㄊㄧ|elevator; escalator; CL:臺/台[tai2],部[bu4].
電視|ㄉㄧㄢˋ ㄕˋ|television; TV; CL:臺/台[tai2],個/个[ge4].
電腦|ㄉㄧㄢˋ ㄋㄠˇ|computer; CL:臺/台[tai2].
電話卡|ㄉㄧㄢˋ ㄏㄨㄚˋ ㄎㄚˇ|telephone card.
電話|ㄉㄧㄢˋ ㄏㄨㄚˋ|telephone; CL:部[bu4]; phone call; CL:通[tong1]; phone number.
點菜|ㄉㄧㄢˇ ㄘㄞˋ|to order dishes (in a restaurant).
點|ㄉㄧㄢˇ|point; dot; drop; speck; o'clock; point (in space or time); to draw a dot; to check on a list; to choose; to order (food in a restaurant); to touch briefly; to hint; to light; to ignite; to pour a liquid drop by drop; (old) one fifth of a two-hour watch 更[geng1]; dot stroke in Chinese characters; classifier for items.
地址|ㄉㄧˋ ㄓˇ|address; CL:個/个[ge4].
地圖|ㄉㄧˋ ㄊㄨˊ|map; CL:張/张[zhang1],本[ben3].
地鐵|ㄉㄧˋ ㄊㄧㄝˇ|subway; metro.
地理|ㄉㄧˋ ㄌㄧˇ|geography.
地方|ㄉㄧˋ ㄈㄤ|region; regional (away from the central administration); local.
地方|ㄉㄧˋ ㄈㄤ˙|area; place; space; room; territory; CL:處/处[chu4],個/个[ge4],塊/块[kuai4].
弟弟|ㄉㄧˋ ㄉㄧ˙|younger brother; CL:個/个[ge4],位[wei4].
地|ㄉㄜ˙|-ly; structural particle: used before a verb or adjective, linking it to preceding modifying adverbial adjunct.
地|ㄉㄧˋ|earth; ground; field; place; land; CL:片[pian4].
低|ㄉㄧ|low; beneath; to lower (one's head); to let droop; to hang down; to incline.
第|ㄉㄧˋ|(prefix indicating ordinal number, e.g. first, number two etc); order; (old) rank in the imperial examinations; mansion; (literary) but; just.
登錄|ㄉㄥ ㄌㄨˋ|to register; to log in.
燈|ㄉㄥ|lamp; light; lantern; CL:盞/盏[zhan3].
等|ㄉㄥˇ|class; rank; grade; equal to; same as; to wait for; to await; et cetera; and so on; et al. (and other authors); after; as soon as; once.
德國|ㄉㄜˊ ㄍㄨㄛˊ|Germany; German.
得|ㄉㄜˊ|to obtain; to get; to gain; to catch (a disease); proper; suitable; proud; contented; to allow; to permit; ready; finished.
得|ㄉㄜ˙|structural particle: used after a verb (or adjective as main verb), linking it to following phrase indicating effect, degree, possibility etc.
得|ㄉㄟˇ|to have to; must; ought to; to need to.
的|ㄉㄜ˙|of; ~'s (possessive particle); (used after an attribute); (used to form a nominal expression); (used at the end of a declarative sentence for emphasis); also pr. [di4] or [di5] in poetry and songs.
的|ㄉㄧ|see 的士[di1 shi4].
的|ㄉㄧˊ|really and truly.
的|ㄉㄧˋ|aim; clear.
導遊|ㄉㄠˇ ㄧㄡˊ|tour guide; guidebook; to conduct a tour.
刀|ㄉㄠ|surname Dao.
刀|ㄉㄠ|knife; blade; single-edged sword; cutlass; CL:把[ba3]; (slang) dollar (loanword); classifier for sets of one hundred sheets (of paper); classifier for knife cuts or stabs.
到|ㄉㄠˋ|to (a place); until (a time); up to; to go; to arrive; (verb complement denoting completion or result of an action).
當然|ㄉㄤ ㄖㄢˊ|only natural; as it should be; certainly; of course; without doubt.
擔心|ㄉㄢ ㄒㄧㄣ|anxious; worried; uneasy; to worry; to be anxious.
但是|ㄉㄢˋ ㄕˋ|but; however.
蛋糕|ㄉㄢˋ ㄍㄠ|cake; CL:塊/块[kuai4],個/个[ge4].
袋子|ㄉㄞˋ ㄗ˙|bag.
袋|ㄉㄞˋ|pouch; bag; sack; pocket.
戴|ㄉㄞˋ|surname Dai.
戴|ㄉㄞˋ|to put on or wear (glasses, hat, gloves etc); to respect; to bear; to support.
帶|ㄉㄞˋ|band; belt; girdle; ribbon; tire; area; zone; region; CL:條/条[tiao2]; to wear; to carry; to take along; to bear (i.e. to have); to lead; to bring; to look after; to raise.
打折|ㄉㄚˇ ㄓㄜˊ|to give a discount.
大約|ㄉㄚˋ ㄩㄝ|approximately; probably.
大學|ㄉㄚˋ ㄒㄩㄝˊ|the Great Learning, one of the Four Books 四書/四书[Si4 shu1] in Confucianism.
大學|ㄉㄚˋ ㄒㄩㄝˊ|university; college; CL:所[suo3].
打算|ㄉㄚˇ ㄙㄨㄢˋ|to plan; to intend; to calculate; plan; intention; calculation; CL:個/个[ge4].
打掃|ㄉㄚˇ ㄙㄠˇ|to clean; to sweep.
大家|ㄉㄚˋ ㄐㄧㄚ|everyone; influential family; great expert.
大概|ㄉㄚˋ ㄍㄞˋ|roughly; probably; rough; approximate; about; general idea.
打車|ㄉㄚˇ ㄔㄜ|to take a taxi (in town); to hitch a lift.
打扮|ㄉㄚˇ ㄅㄢ˙|to decorate; to dress; to make up; to adorn; manner of dressing; style of dress.
大|ㄉㄚˋ|big; huge; large; major; great; wide; deep; older (than); oldest; eldest; greatly; very much; (dialect) father; father's elder or younger brother.
大|ㄉㄞˋ|see 大夫[dai4 fu5].
打|ㄉㄚˊ|dozen (loanword).
打|ㄉㄚˇ|to beat; to strike; to hit; to break; to type; to mix up; to build; to fight; to fetch; to make; to tie up; to issue; to shoot; to calculate; to play (a game); since; from.
錯|ㄘㄨㄛˋ|surname Cuo.
錯|ㄘㄨㄛˋ|mistake; wrong; bad; interlocking; complex; to grind; to polish; to alternate; to stagger; to miss; to let slip; to evade; to inlay with gold or silver.
聰明|ㄘㄨㄥ ㄇㄧㄥ˙|intelligent; clever; bright; smart; acute (of sight and hearing).
從來|ㄘㄨㄥˊ ㄌㄞˊ|always; at all times; never (if used in negative sentence).
從|ㄘㄨㄥˊ|surname Cong.
從|ㄘㄨㄥˊ|from; through; via; to follow; to obey; to engage in (an activity); never (in negative sentence); (Taiwan pr. [zong4]) retainer; assistant; auxiliary; subordinate; related by common paternal grandfather or earlier ancestor.
詞典|ㄘˊ ㄉㄧㄢˇ|dictionary; also written 辭典/辞典[ci2 dian3]; CL:部[bu4],本[ben3].
次|ㄘˋ|next in sequence; second; the second (day, time etc); secondary; vice-; sub-; infra-; inferior quality; substandard; order; sequence; hypo- (chemistry); classifier for enumerated events: time.
春捲|ㄔㄨㄣ ㄐㄩㄢˇ|egg roll; spring roll.
春節|ㄔㄨㄣ ㄐㄧㄝˊ|Spring Festival (Chinese New Year).
春|ㄔㄨㄣ|surname Chun.
春|ㄔㄨㄣ|spring (season); gay; joyful; youthful; love; lust; life.
船|ㄔㄨㄢˊ|boat; vessel; ship; CL:條/条[tiao2],艘[sou1],隻/只[zhi1].
穿|ㄔㄨㄢ|to wear; to put on; to dress; to bore through; to pierce; to perforate; to penetrate; to pass through; to thread.
出租車|ㄔㄨ ㄗㄨ ㄔㄜ|taxi; (Tw) rental car.
初中|ㄔㄨ ㄓㄨㄥ|junior high school; abbr. for 初級中學/初级中学[chu1 ji2 zhong1 xue2].
出去|ㄔㄨ ㄑㄩˋ|to go out.
除了|ㄔㄨˊ ㄌㄜ˙|besides; apart from (... also...); in addition to; except (for).
廚房|ㄔㄨˊ ㄈㄤˊ|kitchen; CL:間/间[jian1].
出差|ㄔㄨ ㄔㄞ|to go on an official or business trip.
出|ㄔㄨ|to go out; to come out; to occur; to produce; to go beyond; to rise; to put forth; to happen; (used after a verb to indicate an outward direction or a positive result); classifier for dramas, plays, operas etc.
抽煙|ㄔㄡ ㄧㄢ|to smoke (a cigarette, tobacco).
充值|ㄔㄨㄥ ㄓˊ|to recharge (money onto a card).
充電|ㄔㄨㄥ ㄉㄧㄢˋ|to recharge (a battery); (fig.) to recharge one's batteries (through leisure); to update one's skills and knowledge.
種|ㄓㄨㄥˇ|seed; species; kind; type; classifier for types, kinds, sorts.
種|ㄓㄨㄥˋ|to plant; to grow; to cultivate.
離開|ㄌㄧˊ ㄎㄞ|to depart; to leave.
吃貨|ㄔ ㄏㄨㄛˋ|chowhound; foodie; a good-for-nothing.
遲到|ㄔˊ ㄉㄠˋ|to arrive late.
離|ㄌㄧˊ|surname Li.
離|ㄌㄧˊ|to leave; to part from; to be away from; (in giving distances) from; without (sth); independent of; one of the Eight Trigrams 八卦[ba1 gua4], symbolizing fire; ☲.
吃|ㄔ|to eat; to consume; to eat at (a cafeteria etc); to eradicate; to destroy; to absorb; to suffer; to stammer (Taiwan pr. for this sense is [ji2]).
城市|ㄔㄥˊ ㄕˋ|city; town; CL:座[zuo4].
成績|ㄔㄥˊ ㄐㄧˋ|achievement; performance records; grades; CL:項/项[xiang4],個/个[ge4].
橙|ㄔㄥˊ|orange tree; orange (color).
襯衫|ㄔㄣˋ ㄕㄢ|shirt; blouse; CL:件[jian4].
車|ㄔㄜ|surname Che.
車|ㄔㄜ|car; vehicle; CL:輛/辆[liang4]; machine; to shape with a lathe; Kangxi radical 159.
車|ㄐㄩ|war chariot (archaic); rook (in Chinese chess); rook (in chess).
超市|ㄔㄠ ㄕˋ|supermarket; abbr. for 超級市場/超级市场; CL:家[jia1].
炒飯|ㄔㄠˇ ㄈㄢˋ|fried rice; (slang) (Tw) to have sex.
長江|ㄔㄤˊ ㄐㄧㄤ|Yangtze River, or Chang Jiang.
長城|ㄔㄤˊ ㄔㄥˊ|the Great Wall.
長|ㄔㄤˊ|length; long; forever; always; constantly.
長|ㄓㄤˇ|chief; head; elder; to grow; to develop; to increase; to enhance.
唱|ㄔㄤˋ|to sing; to call loudly; to chant.
差|ㄔㄚ|difference; discrepancy; (math.) difference (amount remaining after a subtraction); (literary) a little; somewhat; slightly.
差|ㄔㄚˋ|different; wrong; mistaken; to fall short; to lack; not up to standard; inferior; Taiwan pr. [cha1].
差|ㄔㄞ|to send (on an errand); (archaic) person sent on such an errand; job; official post.
差|ㄘ|used in 參差/参差[cen1 ci1].
叉|ㄔㄚ|"fork; pitchfork; prong; pick; cross; intersect; ""X""."
叉|ㄔㄚˊ|to cross; be stuck.
叉|ㄔㄚˇ|to diverge; to open (as legs).
茶|ㄔㄚˊ|tea; tea plant; CL:杯[bei1],壺/壶[hu2].
層|ㄘㄥˊ|layer; stratum; laminated; floor (of a building); storey; classifier for layers; repeated; sheaf (math.).
廁所|ㄘㄜˋ ㄙㄨㄛˇ|toilet; lavatory; CL:間/间[jian1],處/处[chu4].
草|ㄘㄠˇ|grass; straw; manuscript; draft (of a document); careless; rough; CL:棵[ke1],撮[zuo3],株[zhu1],根[gen1].
草|ㄘㄠˋ|variant of 肏[cao4].
參加|ㄘㄢ ㄐㄧㄚ|to participate; to take part; to join.
參觀|ㄘㄢ ㄍㄨㄢ|to look around; to tour; to visit.
菜鳥|ㄘㄞˋ ㄋㄧㄠˇ|(coll.) sb new to a particular subject; rookie; beginner; newbie.
菜單|ㄘㄞˋ ㄉㄢ|menu; CL:份[fen4],張/张[zhang1].
才|ㄘㄞˊ|ability; talent; sb of a certain type; a capable individual; then and only then; just now; (before an expression of quantity) only.
菜|ㄘㄞˋ|dish (type of food); vegetable; cuisine; CL:盤/盘[pan2],道[dao4]; (coll.) (one's) type; (of one's skills etc) weak; poor.
不准|ㄅㄨˋ ㄓㄨㄣˇ|not to allow; to forbid; to prohibit.
不要|ㄅㄨˋ ㄧㄠˋ|don't!; must not.
不客氣|ㄅㄨˋ ㄎㄜˋ ㄑㄧ˙|you're welcome; don't mention it; impolite; rude; blunt.
不好意思|ㄅㄨˋ ㄏㄠˇ ㄧˋ ㄙ˙|to feel embarrassed; to find it embarrassing; to be sorry (for inconveniencing sb).
不但|ㄅㄨˋ ㄉㄢˋ|not only (... but also...).
不錯|ㄅㄨˋ ㄘㄨㄛˋ|correct; right; not bad; pretty good.
步|ㄅㄨˋ|surname Bu.
步|ㄅㄨˋ|a step; a pace; walk; march; stages in a process; situation.
不|ㄅㄨˋ|(negative prefix); not; no.
博物館|ㄅㄛˊ ㄨˋ ㄍㄨㄢˇ|museum.
冰箱|ㄅㄧㄥ ㄒㄧㄤ|icebox; freezer cabinet; refrigerator; CL:臺/台[tai2],個/个[ge4].
冰|ㄅㄧㄥ|ice; CL:塊/块[kuai4]; to chill sth; (of an object or substance) to feel cold; (of a person) cold; unfriendly; (slang) methamphetamine.
別人|ㄅㄧㄝˊ ㄖㄣ˙|other people; others; other person.
別|ㄅㄧㄝˊ|surname Bie.
別|ㄅㄧㄝˊ|to leave; to depart; to separate; to distinguish; to classify; other; another; don't ...!; to pin; to stick (sth) in; (noun suffix) category (e.g. 性別/性别[xing4 bie2], 派別/派别[pai4 bie2]).
表演|ㄅㄧㄠˇ ㄧㄢˇ|play; show; performance; exhibition; to perform; to act; to demonstrate; CL:場/场[chang3].
表現|ㄅㄧㄠˇ ㄒㄧㄢˋ|to show; to show off; to display; to manifest; expression; manifestation; show; display; performance (at work etc); behavior.
便宜|ㄅㄧㄢˋ ㄧˊ|convenient.
便宜|ㄆㄧㄢˊ ㄧ˙|cheap; inexpensive; small advantages; to let sb off lightly.
變化|ㄅㄧㄢˋ ㄏㄨㄚˋ|change; variation; to change; to vary; CL:個/个[ge4].
鼻子|ㄅㄧˊ ㄗ˙|nose; CL:個/个[ge4],隻/只[zhi1].
必須|ㄅㄧˋ ㄒㄩ|to have to; must; compulsory; necessarily.
比賽|ㄅㄧˇ ㄙㄞˋ|competition (sports etc); match; CL:場/场[chang3],次[ci4]; to compete.
比較|ㄅㄧˇ ㄐㄧㄠˋ|to compare; to contrast; comparatively; relatively; quite; comparison.
筆記本|ㄅㄧˇ ㄐㄧˋ ㄅㄣˇ|notebook (stationery); CL:本[ben3]; notebook (computing).
筆記|ㄅㄧˇ ㄐㄧˋ|to take down (in writing); notes; a type of literature consisting mainly of short sketches; CL:本[ben3].
筆|ㄅㄧˇ|pen; pencil; writing brush; to write or compose; the strokes of Chinese characters; classifier for sums of money, deals; CL:支[zhi1],枝[zhi1].
比|ㄅㄧˇ|Belgium; Belgian; abbr. for 比利時/比利时[Bi3 li4 shi2].
比|ㄅㄧ|euphemistic variant of 屄[bi1].
比|ㄅㄧˇ|to compare; (followed by a noun and adjective) more {adj.} than {noun}; ratio; to gesture; (Taiwan pr. [bi4] in some compounds derived from Classical Chinese).
本|ㄅㄣˇ|root; stem; origin; source; this; the current; original; inherent; originally; classifier for books, periodicals, files etc.
杯子|ㄅㄟ ㄗ˙|cup; glass; CL:個/个[ge4],隻/只[zhi1].
北京烤鴨|ㄅㄟˇ ㄐㄧㄥ ㄎㄠˇ ㄧㄚ|Peking Duck.
北京|ㄅㄟˇ ㄐㄧㄥ|Beijing, capital of People's Republic of China; Peking; PRC government.
北方|ㄅㄟˇ ㄈㄤ|north; the northern part a country; China north of the Yellow River.
北邊|ㄅㄟˇ ㄅㄧㄢ|north; north side; northern part; to the north of.
被|ㄅㄟˋ|quilt; by; (indicates passive-voice clauses); (literary) to cover; to meet with; (coll.) (since c. 2009) used before a verb that does not accurately represent what actually happened, to describe with black humor how sb or sth was dealt with by the authorities (as in 被自殺/被自杀[bei4 zi4 sha1]).
杯|ㄅㄟ|cup; trophy cup; classifier for certain containers of liquids: glass, cup.
包子|ㄅㄠ ㄗ˙|bao (steamed stuffed bun); CL:個/个[ge4].
報紙|ㄅㄠˋ ㄓˇ|newspaper; newsprint; CL:份[fen4],期[qi1],張/张[zhang1].
報銷|ㄅㄠˋ ㄒㄧㄠ|to submit an expense account; to apply for reimbursement; to write off; to wipe out.
保險|ㄅㄠˇ ㄒㄧㄢˇ|insurance; to insure; safe; secure; be sure; be bound to; CL:份[fen4].
抱歉|ㄅㄠˋ ㄑㄧㄢˋ|to be sorry; to feel apologetic; sorry!.
報警|ㄅㄠˋ ㄐㄧㄥˇ|to sound an alarm; to report sth to the police.
報告|ㄅㄠˋ ㄍㄠˋ|to inform; to report; to make known; report; speech; talk; lecture; CL:篇[pian1],份[fen4],個/个[ge4],通[tong4].
保持|ㄅㄠˇ ㄔˊ|to keep; to maintain; to hold; to preserve.
包|ㄅㄠ|surname Bao.
包|ㄅㄠ|to cover; to wrap; to hold; to include; to take charge of; to contract (to or for); package; wrapper; container; bag; to hold or embrace; bundle; packet; CL:個/个[ge4],隻/只[zhi1].
飽|ㄅㄠˇ|to eat till full; satisfied.
幫助|ㄅㄤ ㄓㄨˋ|assistance; aid; to help; to assist.
幫忙|ㄅㄤ ㄇㄤˊ|to help; to lend a hand; to do a favor; to do a good turn.
幫|ㄅㄤ|to help; to assist; to support; for sb (i.e. as a help); hired (as worker); side (of pail, boat etc); outer layer; upper (of a shoe); group; gang; clique; party; secret society.
版權|ㄅㄢˇ ㄑㄩㄢˊ|copyright.
辦公室|ㄅㄢˋ ㄍㄨㄥ ㄕˋ|office; business premises; bureau; CL:間/间[jian1].
辦法|ㄅㄢˋ ㄈㄚˇ|means; method; way (of doing sth); CL:條/条[tiao2],個/个[ge4].
班|ㄅㄢ|surname Ban.
班|ㄅㄢ|team; class; squad; work shift; ranking; CL:個/个[ge4]; classifier for groups of people and scheduled transport vehicles.
搬|ㄅㄢ|to move (i.e. relocate oneself); to move (sth relatively heavy or bulky); to shift; to copy indiscriminately.
半|ㄅㄢˋ|half; semi-; incomplete; (after a number) and a half.
白酒|ㄅㄞˊ ㄐㄧㄡˇ|baijiu, a spirit usually distilled from sorghum; (Tw) white wine (abbr. for 白葡萄酒[bai2 pu2 tao5 jiu3]).
白|ㄅㄞˊ|surname Bai.
白|ㄅㄞˊ|white; snowy; pure; bright; empty; blank; plain; clear; to make clear; in vain; gratuitous; free of charge; reactionary; anti-communist; funeral; to stare coldly; to write wrong character; to state; to explain; vernacular; spoken lines in opera.
百|ㄅㄞˇ|surname Bai.
百|ㄅㄞˇ|hundred; numerous; all kinds of.
爸爸|ㄅㄚˋ ㄅㄚ˙|(informal) father; CL:個/个[ge4],位[wei4].
把|ㄅㄚˇ|to hold; to contain; to grasp; to take hold of; handle; particle marking the following noun as a direct object; classifier for objects with handle; classifier for small objects: handful.
把|ㄅㄚˋ|handle.
八|ㄅㄚ|eight; 8.
吧|ㄅㄚ|bar (loanword) (serving drinks, or providing Internet access etc); to puff (on a pipe etc); (onom.) bang; abbr. for 貼吧/贴吧[tie1 ba1].
吧|ㄅㄚ˙|(modal particle indicating suggestion or surmise); ...right?; ...OK?; ...I presume.
吧|ㄅㄧ˙ ㄚ|(onom.) smack!.
澳大利亞|ㄠˋ ㄉㄚˋ ㄌㄧˋ ㄧㄚˋ|Australia.
安全|ㄢ ㄑㄩㄢˊ|safe; secure; safety; security.
安排|ㄢ ㄆㄞˊ|to arrange; to plan; to set up; arrangements; plans.
安靜|ㄢ ㄐㄧㄥˋ|quiet; peaceful; calm.
愛好|ㄞˋ ㄏㄠˋ|to like; to take pleasure in; keen on; fond of; interest; hobby; appetite for; CL:個/个[ge4].
矮|ㄞˇ|low; short (in length).
愛|ㄞˋ|to love; to be fond of; to like; affection; to be inclined (to do sth); to tend to (happen).
阿姨|ㄚ ㄧˊ|maternal aunt; step-mother; childcare worker; nursemaid; woman of similar age to one's parents (term of address used by child); CL:個/个[ge4].
啊|ㄚ|interjection of surprise; Ah!; Oh!.
啊|ㄚˊ|interjection expressing doubt or requiring answer; Eh?; what?.
啊|ㄚˇ|interjection of surprise or doubt; Eh?; My!; what's up?.
啊|ㄚˋ|interjection or grunt of agreement; uhm; Ah, OK; expression of recognition; Oh, it's you!.
啊|ㄚ˙|modal particle ending sentence, showing affirmation, approval, or consent.
〇|ㄌㄧㄥˊ|zero.
著|ㄓㄠ|(chess) move; trick; all right!; (dialect) to add.
著|ㄓㄠˊ|to touch; to come in contact with; to feel; to be affected by; to catch fire; to burn; (coll.) to fall asleep; (after a verb) hitting the mark; succeeding in.
著|ㄓㄜ˙|aspect particle indicating action in progress.
著|ㄓㄨㄛˊ|to wear (clothes); to contact; to use; to apply.
著|ㄓㄨˋ|to make known; to show; to prove; to write; book; outstanding.